pick,net,sta,chan,ptime,stime,source,lat,lon,elv,ptime0,stime0,predict,prob,std
2024T000000013,KS,ADOA,HG,2024-06-11T23:27:21.173953Z,2024-06-11T23:27:45.127986Z,add,36.5726,128.7009,162.0,,,U,0.9839,0.0187
2024T000000013,KS,AGSA,HG,2024-06-11T23:27:18.740363Z,2024-06-11T23:27:40.750944Z,add,37.0917,127.808,114.0,,,D,0.7096,0.2934
2024T000000013,KS,AMD,HH,2024-06-11T23:27:02.709708Z,2024-06-11T23:27:12.063004Z,add,35.3436,126.03,79.0,,,D,1.0,0.0
2024T000000013,KS,ANDB,HH,2024-06-11T23:27:30.010491Z,2024-06-11T23:28:01.020741Z,add,33.25658,126.32875,84.0,,,D,0.7647,0.084
2024T000000013,KS,ANHA,HG,2024-06-11T23:27:25.111029Z,2024-06-11T23:27:52.209054Z,add,37.464696,128.155024,540.0,,,D,0.9989,0.003
2024T000000013,KS,ANMA,HG,2024-06-11T23:27:07.111797Z,2024-06-11T23:27:19.661646Z,add,36.5386,126.33,89.0,,,D,0.5535,0.3235
2024T000000013,KS,ASNA,HG,2024-06-11T23:27:11.819722Z,2024-06-11T23:27:27.863980Z,add,36.8277,127.0123,96.0,,,U,1.0,0.0
2024T000000013,KS,BAR2,HH,2024-06-11T23:27:34.466795Z,2024-06-11T23:28:09.035033Z,add,37.9771,124.7142,88.3,,,U,0.9944,0.0132
2024T000000013,KS,BAU,EL,2024-06-11T23:27:07.719064Z,2024-06-11T23:27:20.709910Z,add,35.1027,127.5968,560.0,,,U,1.0,0.0
2024T000000013,KS,BGDB,HH,2024-06-11T23:27:11.295872Z,2024-06-11T23:27:26.955974Z,add,34.7726,125.9469,52.0,,,U,1.0,0.0
2024T000000013,KS,BKWA,HG,2024-06-11T23:27:20.708296Z,2024-06-11T23:27:44.290462Z,add,37.1681,127.9875,294.0,,,D,0.7742,0.239
2024T000000013,KS,BLGA,HG,2024-06-11T23:27:02.298880Z,2024-06-11T23:27:11.353844Z,add,36.1392,127.3032,308.0,,,D,1.0,1e-04
2024T000000013,KS,BLLA,HG,2024-06-11T23:27:09.653903Z,2024-06-11T23:27:24.049837Z,add,34.8646,127.4638,49.0,,,U,0.999,0.0019
2024T000000013,KS,BOGA,HG,2024-06-11T23:27:15.411075Z,2024-06-11T23:27:34.762821Z,add,37.0131,127.3294,105.0,,,U,1.0,0.0
2024T000000013,KS,BOHB,HH,2024-06-11T23:27:26.988492Z,2024-06-11T23:27:55.585715Z,add,36.926326,129.053685,342.0,,,U,0.8056,0.2036
2024T000000013,KS,BON2,EL,2024-06-11T23:27:12.837751Z,2024-06-11T23:27:29.706789Z,add,36.5482,127.7981,367.0,,,D,1.0,1e-04
2024T000000013,KS,BSAA,HG,2024-06-11T23:27:23.896237Z,2024-06-11T23:27:50.024198Z,add,35.0661,129.0741,190.0,,,U,1.0,0.0
2024T000000013,KS,BURB,HH,2024-06-11T23:27:20.069142Z,2024-06-11T23:27:43.140885Z,add,37.2317,127.7486,86.0,,,D,0.9495,0.0741
2024T000000013,KS,BUS3,HH,2024-06-11T23:27:23.603512Z,2024-06-11T23:27:49.497717Z,add,35.2486,129.1124,119.4,,,D,1.0,0.0
2024T000000013,KS,BUSA,HG,2024-06-11T23:27:23.899140Z,2024-06-11T23:27:50.029418Z,add,36.9791,128.6611,357.0,,,U,0.9985,0.0019
2024T000000013,KS,BUYB,HH,2024-06-11T23:27:01.376779Z,2024-06-11T23:27:09.761855Z,add,36.2726,126.9206,57.0,,,U,1.0,0.0
2024T000000013,KS,CDSA,HG,2024-06-11T23:27:15.359935Z,2024-06-11T23:27:34.670839Z,add,35.704465,128.444361,82.0,,,U,0.9987,0.0024
2024T000000013,KS,CE2A,HG,2024-06-11T23:27:11.372356Z,2024-06-11T23:27:27.088546Z,add,36.6268,127.5135,134.0,,,U,0.646,0.2586
2024T000000013,KS,CEA2,EL,2024-06-11T23:27:12.687202Z,2024-06-11T23:27:29.383251Z,add,36.8231,127.2574,228.0,,,U,1.0,0.0
2024T000000013,KS,CEBA,HG,2024-06-11T23:27:48.891725Z,2024-06-11T23:28:34.973844Z,add,37.5405,130.9169,59.0,,,U,0.9824,0.0247
2024T000000013,KS,CGAA,HG,2024-06-11T23:27:13.912333Z,2024-06-11T23:27:32.016143Z,add,36.7069,127.7263,249.0,,,D,0.9012,0.1165
2024T000000013,KS,CGDA,HG,2024-06-11T23:27:17.894525Z,2024-06-11T23:27:39.229612Z,add,35.6628,128.6703,141.0,,,D,0.9996,0.0018
2024T000000013,KS,CGIA,HG,2024-06-11T23:27:26.459265Z,2024-06-11T23:27:54.633893Z,add,37.5823,128.1527,264.0,,,D,0.9277,0.0929
2024T000000013,KS,CGPA,HG,2024-06-11T23:27:06.149919Z,2024-06-11T23:27:18.001297Z,add,34.8766,126.9709,130.0,,,D,0.8647,0.1873
2024T000000013,KS,CGUB,HH,2024-06-11T23:27:23.941122Z,2024-06-11T23:27:50.104925Z,add,37.5583,127.7136,160.0,,,U,0.9321,0.0714
2024T000000013,KS,CGWB,HH,2024-06-11T23:27:18.093625Z,2024-06-11T23:27:39.587715Z,add,35.1702,128.5721,83.3,,,D,1.0,0.0
2024T000000013,KS,CGYA,HG,2024-06-11T23:27:03.848528Z,2024-06-11T23:27:14.028654Z,add,36.4234767,126.7787833,0.141,,,U,1.0,0.0
2024T000000013,KS,CHDA,HG,2024-06-11T23:27:17.096005Z,2024-06-11T23:27:37.793379Z,add,34.2367,127.2496,81.0,,,D,0.9856,0.0239
2024T000000013,KS,CHIA,HG,2024-06-11T23:27:16.250868Z,2024-06-11T23:27:36.273297Z,add,37.127287,127.116933,86.0,,,U,0.8625,0.0893
2024T000000013,KS,CHJ3,HH,2024-06-11T23:27:17.423062Z,2024-06-11T23:27:38.381630Z,add,36.873,127.9748,238.0,,,D,0.9997,0.0022
2024T000000013,KS,CHOA,HG,2024-06-11T23:26:56.768103Z,2024-06-11T23:27:01.806315Z,add,35.8408,127.117,107.0,,,D,1.0,0.0
2024T000000013,KS,CHRB,HH,2024-06-11T23:27:15.885536Z,2024-06-11T23:27:35.616201Z,add,35.5342,128.4779,73.0,,,D,1.0,0.0
2024T000000013,KS,CHYB,HH,2024-06-11T23:27:25.844835Z,2024-06-11T23:27:53.528827Z,add,36.9439,128.9144,366.0,,,U,0.9937,0.0098
2024T000000013,KS,CIGB,HH,2024-06-11T23:27:15.201538Z,2024-06-11T23:27:34.385941Z,add,36.0398,128.3813,85.0,,,D,1.0,0.0
2024T000000013,KS,CJD,HH,2024-06-11T23:27:20.536261Z,2024-06-11T23:27:43.981041Z,add,33.9593,126.2933,82.0,,,U,1.0,0.0
2024T000000013,KS,CJDB,HH,2024-06-11T23:26:59.576122Z,2024-06-11T23:27:06.653311Z,add,36.1741,126.5285,69.0,,,U,1.0,0.0
2024T000000013,KS,CLSA,HG,2024-06-11T23:27:16.452098Z,2024-06-11T23:27:36.635234Z,add,35.3628,128.4907,50.0,,,U,0.7485,0.1109
2024T000000013,KS,CPR2,EL,2024-06-11T23:27:11.572709Z,2024-06-11T23:27:27.435825Z,add,36.2211,127.9718,297.0,,,U,0.5109,0.2898
2024T000000013,KS,CSDB,HH,2024-06-11T23:27:17.092067Z,2024-06-11T23:27:37.786296Z,add,34.1811,126.8956,79.0,,,U,1.0,0.0
2024T000000013,KS,CSOA,HG,2024-06-11T23:27:24.060856Z,2024-06-11T23:27:50.320272Z,add,36.3878,129.0854,258.0,,,D,0.5579,0.2308
2024T000000013,KS,CWO2,EL,2024-06-11T23:27:30.074976Z,2024-06-11T23:28:01.136715Z,add,38.0834,127.5204,395.0,,,U,0.9954,0.0062
2024T000000013,KS,DAGA,HG,2024-06-11T23:27:17.804655Z,2024-06-11T23:27:39.067970Z,add,35.8788,128.6527,112.2,,,D,1.0,0.0
2024T000000013,KS,DAYA,HG,2024-06-11T23:26:58.420052Z,2024-06-11T23:27:04.658124Z,add,35.310266,126.972796,44.0,,,U,1.0,0.0
2024T000000013,KS,DDCA,HG,2024-06-11T23:27:26.654626Z,2024-06-11T23:27:54.985252Z,add,37.902,127.061,162.39999999999998,,,U,0.8201,0.1123
2024T000000013,KS,DDCB,HH,2024-06-11T23:27:32.912300Z,2024-06-11T23:28:06.239457Z,add,37.8317,124.7069,81.0,,,U,0.816,0.1829
2024T000000013,KS,DEI2,HH,2024-06-11T23:27:18.599284Z,2024-06-11T23:27:40.497198Z,add,37.2557,126.1048,91.1,,,U,1.0,0.0
2024T000000013,KS,DGHA,HG,2024-06-11T23:27:03.394934Z,2024-06-11T23:27:13.245900Z,add,35.8352,127.5711,359.0,,,D,1.0,0.0
2024T000000013,KS,DGJA,HG,2024-06-11T23:27:12.514012Z,2024-06-11T23:27:29.067418Z,add,36.8894,126.6174,85.0,,,U,1.0,0.0
2024T000000013,KS,DGLA,HG,2024-06-11T23:27:18.938796Z,2024-06-11T23:27:41.107847Z,add,36.7907,128.2706,496.0,,,U,0.9914,0.0556
2024T000000013,KS,DKSA,HG,2024-06-11T23:27:19.011932Z,2024-06-11T23:27:41.239388Z,add,36.9044,128.1456,322.0,,,D,0.534,0.2774
2024T000000013,KS,DNBA,HG,2024-06-11T23:27:17.350359Z,2024-06-11T23:27:38.250865Z,add,36.3906,128.4284,116.0,,,D,0.8715,0.0509
2024T000000013,KS,DNYA,HG,2024-06-11T23:27:21.457534Z,2024-06-11T23:27:45.638029Z,add,36.9877,128.3559,231.0,,,U,0.7287,0.1007
2024T000000013,KS,DUSB,HH,2024-06-11T23:27:06.673343Z,2024-06-11T23:27:18.904863Z,add,35.8942,127.7731,694.0,,,D,1.0,0.0
2024T000000013,KS,ECDB,HH,2024-06-11T23:27:03.984655Z,2024-06-11T23:27:14.263760Z,add,36.1183,125.9797,84.0,,,D,0.8981,0.1746
2024T000000013,KS,EURB,HH,2024-06-11T23:27:14.406018Z,2024-06-11T23:27:32.955091Z,add,35.322492,128.288222,13.0,,,D,1.0,0.0
2024T000000013,KS,EUSB,HH,2024-06-11T23:27:19.792322Z,2024-06-11T23:27:42.642998Z,add,36.3561,128.6887,123.0,,,D,0.9675,0.0588
2024T000000013,KS,GACA,HG,2024-06-11T23:27:15.630609Z,2024-06-11T23:27:35.157682Z,add,35.1136,128.3071,178.0,,,D,1.0,0.0
2024T000000013,KS,GAGA,HG,2024-06-11T23:27:29.611732Z,2024-06-11T23:28:00.303586Z,add,37.1306,129.1696,203.0,,,D,0.9871,0.0366
2024T000000013,KS,GAPB,HH,2024-06-11T23:27:26.834001Z,2024-06-11T23:27:55.307861Z,add,37.8442,127.4949,123.8,,,U,0.5777,0.3828
2024T000000013,KS,GBI2,HH,2024-06-11T23:27:14.266007Z,2024-06-11T23:27:32.703263Z,add,36.6255,125.559515,144.1,,,U,0.9996,0.0009
2024T000000013,KS,GDDB,HH,2024-06-11T23:27:21.699452Z,2024-06-11T23:27:46.073137Z,add,34.9931,128.8313,127.40000000000002,,,D,1.0,0.0
2024T000000013,KS,GEJA,HG,2024-06-11T23:27:20.104645Z,2024-06-11T23:27:43.204741Z,add,34.998401,128.679686,24.0,,,D,0.8254,0.0942
2024T000000013,KS,GEJB,HH,2024-06-11T23:27:37.720075Z,2024-06-11T23:28:14.885511Z,add,38.4165,128.3858,135.0,,,U,1.0,0.0
2024T000000013,KS,GGDA,HG,2024-06-11T23:27:24.558539Z,2024-06-11T23:27:51.215380Z,add,35.9499,129.2531,85.0,,,D,1.0,1e-04
2024T000000013,KS,GGDB,HH,2024-06-11T23:27:25.058247Z,2024-06-11T23:27:52.114124Z,add,34.0521917,125.126362,69.0,,,U,1.0,0.0
2024T000000013,KS,GGGA,HG,2024-06-11T23:27:27.181796Z,2024-06-11T23:27:55.933373Z,add,36.3637,129.3908,132.0,,,D,1.0,0.0
2024T000000013,KS,GGSA,HG,2024-06-11T23:27:27.926903Z,2024-06-11T23:27:57.273450Z,add,36.9295,129.1518,655.0,,,U,0.8039,0.1193
2024T000000013,KS,GGTA,HG,2024-06-11T23:27:24.657907Z,2024-06-11T23:27:51.394097Z,add,37.7686,126.8991,126.0,,,D,0.5304,0.1784
2024T000000013,KS,GH2B,HH,2024-06-11T23:27:23.919083Z,2024-06-11T23:27:50.065288Z,add,37.7076,126.446435,81.69999999999999,,,U,1.0,0.0
2024T000000013,KS,GICA,HG,2024-06-11T23:27:12.302368Z,2024-06-11T23:27:28.700568Z,add,36.0812,128.1016,120.0,,,D,1.0,1e-04
2024T000000013,KS,GIGA,HG,2024-06-11T23:27:24.195978Z,2024-06-11T23:27:50.563296Z,add,36.0689,129.1996,104.0,,,D,1.0,0.0
2024T000000013,KS,GIJA,HG,2024-06-11T23:26:53.595446Z,2024-06-11T23:26:56.205087Z,original,35.796622,126.902045,16.0,2024-06-11T23:26:53.595446Z,2024-06-11T23:26:56.205087Z,D,1.0,0.0
2024T000000013,KS,GKSA,HG,2024-06-11T23:27:01.880951Z,2024-06-11T23:27:10.632200Z,add,35.2304,127.2252,182.0,,,U,1.0,0.0
2024T000000013,KS,GLCA,HG,2024-06-11T23:27:32.355790Z,2024-06-11T23:28:05.238618Z,add,37.9049,128.5207,600.0,,,D,0.875,0.1238
2024T000000013,KS,GLSA,HG,2024-06-11T23:27:05.996001Z,2024-06-11T23:27:17.735608Z,add,36.5255,126.545,77.0,,,U,1.0,1e-04
2024T000000013,KS,GMDB,HH,2024-06-11T23:27:19.807704Z,2024-06-11T23:27:42.670664Z,add,34.0408,127.2882,132.0,,,U,0.9994,0.0015
2024T000000013,KS,GMHB,HH,2024-06-11T23:27:32.041529Z,2024-06-11T23:28:04.673439Z,add,38.25,127.421,246.0,,,D,0.9997,0.0011
2024T000000013,KS,GMPB,HH,2024-06-11T23:27:22.856405Z,2024-06-11T23:27:48.153999Z,add,37.6421,126.6756,52.0,,,D,1.0,1e-04
2024T000000013,KS,GOBA,HG,2024-06-11T23:27:08.473229Z,2024-06-11T23:27:22.011764Z,add,36.657064,126.544051,45.0,,,D,0.9927,0.039
2024T000000013,KS,GOCB,HH,2024-06-11T23:26:57.034231Z,2024-06-11T23:27:02.265785Z,add,35.348448,126.598183,45.0,,,U,1.0,0.0
2024T000000013,KS,GOSF,EL,2024-06-11T23:27:29.644002Z,2024-06-11T23:28:00.361623Z,add,33.302741,126.182302,20.0,,,D,0.9918,0.0402
2024T000000013,KS,GSGA,HG,2024-06-11T23:27:21.642402Z,2024-06-11T23:27:45.970529Z,add,37.5516,126.8443,91.6,,,D,0.9993,0.0011
2024T000000013,KS,GSNA,HG,2024-06-11T23:27:21.691261Z,2024-06-11T23:27:46.058406Z,add,35.7576,129.0109,220.0,,,D,1.0,0.0
2024T000000013,KS,GUJA,HG,2024-06-11T23:27:25.676665Z,2024-06-11T23:27:53.226368Z,add,33.5504,126.7503,63.0,,,D,0.7751,0.3139
2024T000000013,KS,GUMA,HG,2024-06-11T23:27:15.071349Z,2024-06-11T23:27:34.151780Z,add,36.2347,128.2902,102.0,,,D,0.9984,0.0038
2024T000000013,KS,GUWB,HH,2024-06-11T23:27:17.994756Z,2024-06-11T23:27:39.409888Z,add,36.18242,128.5932,138.9,,,D,1.0,0.0
2024T000000013,KS,GWLA,HG,2024-06-11T23:27:27.372362Z,2024-06-11T23:27:56.276107Z,add,37.2195,128.8212,873.0,,,D,1.0,0.0002
2024T000000013,KS,GWYB,HH,2024-06-11T23:27:10.813147Z,2024-06-11T23:27:26.119250Z,add,34.943289,127.691414,76.0,,,U,0.6799,0.2828
2024T000000013,KS,HA2B,HH,2024-06-11T23:27:28.278887Z,2024-06-11T23:27:57.906490Z,add,33.3925,126.2582,40.0,,,U,0.9976,0.005
2024T000000013,KS,HACA,HG,2024-06-11T23:27:11.907724Z,2024-06-11T23:27:28.016517Z,add,35.4135383,128.1016417,126.0,,,D,0.8942,0.1545
2024T000000013,KS,HAIA,HG,2024-06-11T23:27:15.619400Z,2024-06-11T23:27:35.137520Z,add,34.9444,128.1928,62.0,,,D,0.9977,0.0041
2024T000000013,KS,HAMB,HH,2024-06-11T23:27:06.263917Z,2024-06-11T23:27:18.198078Z,add,35.5115544,127.745693,188.0,,,D,1.0,0.0
2024T000000013,KS,HANB,HH,2024-06-11T23:27:11.802238Z,2024-06-11T23:27:27.833675Z,add,34.554,126.5688,65.0,,,U,0.9335,0.0773
2024T000000013,KS,HAWA,HG,2024-06-11T23:27:10.529713Z,2024-06-11T23:27:25.576366Z,add,34.671,126.3283,44.0,,,U,0.998,0.0047
2024T000000013,KS,HAWB,HH,2024-06-11T23:27:15.190325Z,2024-06-11T23:27:34.365773Z,add,37.084445,126.773925,10.0,,,U,1.0,0.0
2024T000000013,KS,HCNA,HG,2024-06-11T23:27:12.357177Z,2024-06-11T23:27:28.795570Z,add,35.5652,128.17,79.0,,,D,0.9786,0.037
2024T000000013,KS,HEDA,HG,2024-06-11T23:27:13.014115Z,2024-06-11T23:27:30.085809Z,add,34.6064,126.0365,55.0,,,D,0.9929,0.0308
2024T000000013,KS,HESA,HG,2024-06-11T23:27:24.886646Z,2024-06-11T23:27:51.805492Z,add,37.5406,127.9565,249.0,,,D,0.5161,0.1093
2024T000000013,KS,HGDB,HH,2024-06-11T23:27:17.996657Z,2024-06-11T23:27:39.413306Z,add,34.7068,125.2012,45.0,,,D,1.0,0.0
2024T000000013,KS,HGSA,HG,2024-06-11T23:27:08.292181Z,2024-06-11T23:27:21.699292Z,add,36.6579,126.6879,65.0,,,D,0.9008,0.1899
2024T000000013,KS,HMGA,HG,2024-06-11T23:27:28.240127Z,2024-06-11T23:27:57.836781Z,add,36.0761,129.5666,79.0,,,U,0.9365,0.0475
2024T000000013,KS,HMPA,HG,2024-06-11T23:27:00.777813Z,2024-06-11T23:27:08.727893Z,add,35.1413,126.6176,58.0,,,U,1.0,0.0
2024T000000013,KS,HOCA,HG,2024-06-11T23:27:26.263159Z,2024-06-11T23:27:54.281192Z,add,37.6838,127.8801,184.0,,,D,0.8423,0.1686
2024T000000013,KS,HONA,HG,2024-06-11T23:27:09.419949Z,2024-06-11T23:27:23.645989Z,add,36.4457,127.5791,162.0,,,U,0.9532,0.0742
2024T000000013,KS,HSJB,HH,2024-06-11T23:27:08.646934Z,2024-06-11T23:27:22.311616Z,add,36.5668,127.2804,86.0,,,U,1.0,0.0
2024T000000013,KS,HTDA,HG,2024-06-11T23:27:20.221259Z,2024-06-11T23:27:43.414483Z,add,34.3908,125.2986,48.0,,,U,0.8901,0.0535
2024T000000013,KS,HWCA,HG,2024-06-11T23:27:30.664703Z,2024-06-11T23:28:02.197313Z,add,38.065,127.7746,287.9,,,U,0.7004,0.2407
2024T000000013,KS,HWDB,HH,2024-06-11T23:27:23.575791Z,2024-06-11T23:27:49.447857Z,add,37.6322,127.3404,71.0,,,D,0.9939,0.0311
2024T000000013,KS,HWSA,HG,2024-06-11T23:27:13.117852Z,2024-06-11T23:27:30.308747Z,add,36.4412,127.9441,321.0,,,U,0.6527,0.0543
2024T000000013,KS,HYDA,HG,2024-06-11T23:27:22.921676Z,2024-06-11T23:27:48.271394Z,add,36.283577,129.019264,287.0,,,D,0.8651,0.1702
2024T000000013,KS,ICN2,EL,2024-06-11T23:27:19.327193Z,2024-06-11T23:27:41.806418Z,add,37.2908,127.4167,128.0,,,D,0.8657,0.0754
2024T000000013,KS,IJAA,HG,2024-06-11T23:27:31.723913Z,2024-06-11T23:28:04.102233Z,add,37.9471,128.3248,335.9,,,U,0.9984,0.0042
2024T000000013,KS,IJBA,HG,2024-06-11T23:27:33.769184Z,2024-06-11T23:28:07.780469Z,add,38.1208,128.3173,462.0,,,U,1.0,1e-04
2024T000000013,KS,IJDB,HH,2024-06-11T23:27:05.281702Z,2024-06-11T23:27:16.502601Z,add,35.1028,126.0651,55.0,,,D,1.0,0.0
2024T000000013,KS,IKSA,HG,2024-06-11T23:26:58.691729Z,2024-06-11T23:27:05.127213Z,add,36.0592,127.0619,86.0,,,D,0.6032,0.1219
2024T000000013,KS,IKSB,HH,2024-06-11T23:26:56.076505Z,2024-06-11T23:27:00.612633Z,add,35.9355,126.9747,66.0,,,D,1.0,0.0
2024T000000013,KS,IMSB,HH,2024-06-11T23:26:58.923126Z,2024-06-11T23:27:05.526641Z,add,35.6124,127.2854,238.0,,,D,1.0,0.0
2024T000000013,KS,IMWB,HH,2024-06-11T23:27:32.006976Z,2024-06-11T23:28:04.611298Z,add,37.237934,129.342076,21.0,,,U,0.9781,0.0224
2024T000000013,KS,INCA,HG,2024-06-11T23:27:20.614438Z,2024-06-11T23:27:44.121650Z,add,37.4777,126.624,108.0,,,D,0.6711,0.1408
2024T000000013,KS,INJA,HG,2024-06-11T23:27:14.056300Z,2024-06-11T23:27:32.325539Z,add,36.993,126.918474,59.0,,,D,0.7752,0.1938
2024T000000013,KS,IPTA,HG,2024-06-11T23:27:14.554822Z,2024-06-11T23:27:33.222736Z,add,36.996887,127.135381,0.0649999999999999,,,D,1.0,1e-04
2024T000000013,KS,ISHB,HH,2024-06-11T23:27:18.818939Z,2024-06-11T23:27:40.892270Z,add,37.348832,126.70386,49.0,,,U,0.6174,0.0608
2024T000000013,KS,IYIB,HH,2024-06-11T23:27:18.466771Z,2024-06-11T23:27:40.258860Z,add,37.2708,127.2317,164.0,,,D,0.9999,0.0006
2024T000000013,KS,IYPA,HG,2024-06-11T23:27:22.312480Z,2024-06-11T23:27:47.175713Z,add,37.491441,127.521814,94.0,,,D,0.9674,0.0341
2024T000000013,KS,JAEA,HG,2024-06-11T23:27:25.487414Z,2024-06-11T23:27:52.885995Z,add,36.8,128.9903,380.0,,,U,1.0,0.0
2024T000000013,KS,JAEB,HH,2024-06-11T23:27:08.994956Z,2024-06-11T23:27:22.912371Z,add,34.879054,126.028758,2.0,,,U,0.9998,0.0004
2024T000000013,KS,JAGA,HG,2024-06-11T23:26:57.432034Z,2024-06-11T23:27:02.952616Z,add,35.3196,126.8107,121.8,,,U,1.0,0.0
2024T000000013,KS,JAHA,HG,2024-06-11T23:27:09.499093Z,2024-06-11T23:27:23.782607Z,add,34.689,126.9194,89.0,,,D,0.9893,0.0147
2024T000000013,KS,JASA,HG,2024-06-11T23:27:02.399930Z,2024-06-11T23:27:11.528374Z,add,35.6571,127.5204,454.0,,,D,1.0,0.0
2024T000000013,KS,JCUA,HG,2024-06-11T23:27:23.742853Z,2024-06-11T23:27:49.748328Z,add,37.2753,128.2694,322.0,,,U,0.9363,0.1264
2024T000000013,KS,JDGB,HH,2024-06-11T23:27:30.960601Z,2024-06-11T23:28:02.729470Z,add,37.690417,128.674248,813.0,,,D,0.9992,0.0018
2024T000000013,KS,JDO2,EL,2024-06-11T23:27:13.571942Z,2024-06-11T23:27:31.284619Z,add,34.473,126.3238,541.0,,,U,1.0,0.0
2024T000000013,KS,JECB,HH,2024-06-11T23:27:21.989579Z,2024-06-11T23:27:46.594953Z,add,37.1595,128.1945,317.0,,,D,0.9597,0.1007
2024T000000013,KS,JEDA,HG,2024-06-11T23:27:06.421844Z,2024-06-11T23:27:18.470690Z,add,35.001844,126.101988,8.0,,,D,1.0,0.0
2024T000000013,KS,JEJB,HH,2024-06-11T23:27:26.515809Z,2024-06-11T23:27:54.735589Z,add,35.6374,129.4411,46.4,,,D,1.0,0.0
2024T000000013,KS,JESA,HG,2024-06-11T23:27:28.182754Z,2024-06-11T23:27:57.733596Z,add,37.4303,128.6653,434.0,,,D,0.9996,0.0014
2024T000000013,KS,JEU2,EL,2024-06-11T23:26:55.221369Z,2024-06-11T23:26:59.132169Z,original,35.49345,126.929807,198.0,2024-06-11T23:26:55.221369Z,,U,1.0,0.0
2024T000000013,KS,JGJA,HG,2024-06-11T23:27:32.794865Z,2024-06-11T23:28:06.028263Z,add,37.704719,128.913415,78.0,,,U,0.8815,0.1101
2024T000000013,KS,JGNA,HG,2024-06-11T23:27:10.753595Z,2024-06-11T23:27:26.008918Z,add,35.8754,128.0485,413.0,,,D,0.9929,0.0225
2024T000000013,KS,JHCB,HH,2024-06-11T23:27:32.548811Z,2024-06-11T23:28:05.585757Z,add,38.232183,127.688756,468.0,,,U,0.9997,0.0005
2024T000000013,KS,JINA,HG,2024-06-11T23:27:12.619054Z,2024-06-11T23:27:29.249490Z,add,35.1642,128.0402,73.0,,,D,0.8737,0.1514
2024T000000013,KS,JJBA,HG,2024-06-11T23:27:29.762336Z,2024-06-11T23:28:00.574443Z,add,37.647925,128.564524,575.0,,,D,0.735,0.1288
2024T000000013,KS,JJU2,HH,2024-06-11T23:27:27.387423Z,2024-06-11T23:27:56.303194Z,add,33.4305,126.5463,569.0,,,U,0.9894,0.0237
2024T000000013,KS,JKJA,HG,2024-06-11T23:27:24.861146Z,2024-06-11T23:27:51.759631Z,add,36.2421,129.2151,424.0,,,U,0.7894,0.1026
2024T000000013,KS,JLSA,HG,2024-06-11T23:27:05.773527Z,2024-06-11T23:27:17.351576Z,add,35.3574,127.648,541.0,,,D,0.9999,0.0002
2024T000000013,KS,JMJ2,EL,2024-06-11T23:27:33.579475Z,2024-06-11T23:28:07.439298Z,add,37.8816,128.7561,108.0,,,D,1.0,0.0
2024T000000013,KS,JNHA,HG,2024-06-11T23:27:20.285098Z,2024-06-11T23:27:43.529303Z,add,35.1121,128.7536,47.0,,,D,0.9697,0.0303
2024T000000013,KS,JNPA,HG,2024-06-11T23:27:13.853863Z,2024-06-11T23:27:31.890487Z,add,36.7956,127.5621,128.0,,,D,0.9942,0.0238
2024T000000013,KS,JNUA,HG,2024-06-11T23:27:10.294367Z,2024-06-11T23:27:25.155377Z,add,36.6908,127.2005,126.0,,,U,1.0,1e-04
2024T000000013,KS,JNYA,HG,2024-06-11T23:27:19.192374Z,2024-06-11T23:27:41.563932Z,add,35.2822,128.7175,74.0,,,D,1.0,0.0
2024T000000013,KS,JODB,HH,2024-06-11T23:27:16.681092Z,2024-06-11T23:27:37.047109Z,add,34.3115,126.0437,60.0,,,U,1.0,0.0
2024T000000013,KS,JOGB,HH,2024-06-11T23:27:32.446700Z,2024-06-11T23:28:05.402121Z,add,37.621027,128.980129,70.0,,,D,0.5561,0.2069
2024T000000013,KS,JSTB,HH,2024-06-11T23:27:25.877813Z,2024-06-11T23:27:53.588139Z,add,37.19218,128.66809,596.0,,,U,0.8516,0.2217
2024T000000013,KS,JUCA,HG,2024-06-11T23:27:20.533912Z,2024-06-11T23:27:43.976817Z,add,35.2423,128.828,56.0,,,D,1.0,1e-04
2024T000000013,KS,JURA,HG,2024-06-11T23:27:22.779860Z,2024-06-11T23:27:48.016328Z,add,37.6147,127.0868,88.0,,,D,0.9776,0.0391
2024T000000013,KS,JWJB,HH,2024-06-11T23:27:23.923533Z,2024-06-11T23:27:50.073290Z,add,37.415544,128.050498,299.0,,,D,0.9952,0.0191
2024T000000013,KS,KAWA,HG,2024-06-11T23:27:33.424954Z,2024-06-11T23:28:07.161412Z,add,37.8052,128.8548,133.0,,,U,0.9993,0.001
2024T000000013,KS,KCH2,EL,2024-06-11T23:27:08.608044Z,2024-06-11T23:27:22.244484Z,add,35.614,127.9188,442.0,,,D,1.0,0.0
2024T000000013,KS,KESB,HH,2024-06-11T23:27:15.961078Z,2024-06-11T23:27:35.752072Z,add,36.953658,127.604785,0.237,,,U,0.9999,0.0004
2024T000000013,KS,KH2B,HH,2024-06-11T23:27:12.136139Z,2024-06-11T23:27:28.412437Z,add,34.6185,127.2757,108.0,,,U,1.0,0.0
2024T000000013,KS,KKDA,HG,2024-06-11T23:27:13.806696Z,2024-06-11T23:27:31.789121Z,add,34.4557,127.1222,55.0,,,U,1.0,0.0
2024T000000013,KS,KMSB,HH,2024-06-11T23:27:04.068188Z,2024-06-11T23:27:14.407940Z,add,36.1059,127.4816,217.8,,,D,1.0,0.0
2024T000000013,KS,KOSB,HH,2024-06-11T23:27:39.907852Z,2024-06-11T23:28:18.819731Z,add,38.6028,128.3595,15.0,,,U,0.5878,0.1727
2024T000000013,KS,KWJ2,HH,2024-06-11T23:27:01.113599Z,2024-06-11T23:27:09.307539Z,add,35.1599,126.9911,263.0,,,U,1.0,0.0
2024T000000013,KS,KWJU,HH,2024-06-11T23:27:01.113599Z,2024-06-11T23:27:09.307539Z,add,35.1599,126.9911,263.0,,,U,1.0,0.0
2024T000000013,KS,LIWA,HG,2024-06-11T23:27:07.289116Z,2024-06-11T23:27:19.967686Z,add,36.2482,127.6137,151.0,,,D,1.0,0.0
2024T000000013,KS,LMGA,HG,2024-06-11T23:27:30.287788Z,2024-06-11T23:28:01.519448Z,add,37.4918,128.8637,554.0,,,D,0.988,0.026
2024T000000013,KS,MALA,HG,2024-06-11T23:26:59.754345Z,2024-06-11T23:27:06.960979Z,add,35.7445,127.3477,304.0,,,D,1.0,0.0
2024T000000013,KS,MANA,HG,2024-06-11T23:27:03.391918Z,2024-06-11T23:27:13.240694Z,add,35.0941,126.285,70.4,,,U,1.0,0.0
2024T000000013,KS,MGY2,EL,2024-06-11T23:27:15.969989Z,2024-06-11T23:27:35.768101Z,add,36.6551667,128.060783,70.4,,,D,1.0,0.0
2024T000000013,KS,MJDB,HH,2024-06-11T23:27:21.032236Z,2024-06-11T23:27:44.873095Z,add,34.2074,125.469,47.0,,,U,0.9993,0.0052
2024T000000013,KS,MLGA,HG,2024-06-11T23:27:22.146091Z,2024-06-11T23:27:46.876452Z,add,35.3113,128.997,52.0,,,U,0.7634,0.1951
2024T000000013,KS,MMD,HH,2024-06-11T23:27:21.489169Z,2024-06-11T23:27:45.694927Z,add,34.6488,128.5769,128.0,,,D,1.0,0.0003
2024T000000013,KS,MND,HH,2024-06-11T23:26:55.180915Z,2024-06-11T23:26:58.938927Z,original,35.8043,126.4242,56.4,,2024-06-11T23:26:58.938927Z,D,1.0,0.0
2024T000000013,KS,MNDB,HH,2024-06-11T23:27:05.543505Z,2024-06-11T23:27:16.954518Z,add,34.966515,127.160857,168.0,,,U,1.0,1e-04
2024T000000013,KS,MOGA,HG,2024-06-11T23:27:25.187106Z,2024-06-11T23:27:52.345881Z,add,37.6962,127.5825,126.0,,,D,0.9076,0.0826
2024T000000013,KS,MOPB,HH,2024-06-11T23:27:07.627304Z,2024-06-11T23:27:20.551515Z,add,34.8173,126.3812,87.0,,,U,1.0,0.0
2024T000000013,KS,MSMB,HH,2024-06-11T23:26:52.932921Z,2024-06-11T23:26:55.043948Z,original,35.689173,126.556217,49.0,2024-06-11T23:26:52.932921Z,2024-06-11T23:26:55.043948Z,D,1.0,0.0
2024T000000013,KS,MSNA,HG,2024-06-11T23:27:21.114841Z,2024-06-11T23:27:45.021669Z,add,35.5884,128.9539,275.0,,,D,0.7655,0.2493
2024T000000013,KS,MUS2,EL,2024-06-11T23:27:26.212358Z,2024-06-11T23:27:54.189826Z,add,37.8862,126.7656,70.8,,,D,0.5836,0.1468
2024T000000013,KS,NACA,HG,2024-06-11T23:26:55.350399Z,2024-06-11T23:26:59.359265Z,add,35.9505,126.591,51.0,,,U,1.0,0.0
2024T000000013,KS,NAHA,HG,2024-06-11T23:27:14.291809Z,2024-06-11T23:27:32.749670Z,add,34.8167,127.9261,96.0,,,U,0.7778,0.1816
2024T000000013,KS,NAJA,HG,2024-06-11T23:27:02.939101Z,2024-06-11T23:27:12.459027Z,add,35.0261,126.8264,67.4,,,U,1.0,0.0
2024T000000013,KS,NAMB,HH,2024-06-11T23:27:30.015870Z,2024-06-11T23:28:01.030414Z,add,37.7711,128.3863,655.0,,,D,0.9741,0.0458
2024T000000013,KS,NAWB,HH,2024-06-11T23:27:01.735515Z,2024-06-11T23:27:10.381165Z,add,35.42117,127.396272,127.0,,,D,0.9992,0.0028
2024T000000013,KS,NCNA,HG,2024-06-11T23:27:28.965893Z,2024-06-11T23:27:59.142060Z,add,37.8197,128.0919,277.0,,,U,0.9644,0.0387
2024T000000013,KS,NGJA,HG,2024-06-11T23:27:10.127229Z,2024-06-11T23:27:24.866879Z,add,34.644516,126.784051,55.0,,,U,0.9983,0.0045
2024T000000013,KS,NHPA,HG,2024-06-11T23:27:02.556224Z,2024-06-11T23:27:11.798012Z,add,35.060394,126.527374,37.0,,,U,1.0,0.0
2024T000000013,KS,NHSB,HH,2024-06-11T23:27:16.074892Z,2024-06-11T23:27:35.956782Z,add,34.687072,125.450413,111.0,,,U,0.969,0.0257
2024T000000013,KS,NJDA,HG,2024-06-11T23:27:15.006824Z,2024-06-11T23:27:34.035723Z,add,37.0503,126.4221,59.0,,,D,0.9993,0.003
2024T000000013,KS,NLDA,HG,2024-06-11T23:27:14.224364Z,2024-06-11T23:27:32.628362Z,add,34.5326,127.4673,127.0,,,U,0.9999,0.0004
2024T000000013,KS,NOSA,HG,2024-06-11T23:27:02.789486Z,2024-06-11T23:27:12.200735Z,add,36.2836,127.1272,108.0,,,U,0.9985,0.0028
2024T000000013,KS,NPGA,HG,2024-06-11T23:27:09.553979Z,2024-06-11T23:27:23.877349Z,add,34.786946,126.147751,29.0,,,U,0.9115,0.1343
2024T000000013,KS,NSJA,HG,2024-06-11T23:27:14.386903Z,2024-06-11T23:27:32.920710Z,add,34.381934,126.515861,45.0,,,U,0.9986,0.0026
2024T000000013,KS,NYSA,HG,2024-06-11T23:27:14.385535Z,2024-06-11T23:27:32.918250Z,add,34.378096,126.88675,35.0,,,U,1.0,0.0
2024T000000013,KS,OADB,HH,2024-06-11T23:27:22.166476Z,2024-06-11T23:27:46.913116Z,add,36.524538,128.831413,135.0,,,U,0.7222,0.1888
2024T000000013,KS,OGSB,HH,2024-06-11T23:27:20.425223Z,2024-06-11T23:27:43.781331Z,add,35.7685,128.8971,281.0,,,D,1.0,0.0
2024T000000013,KS,OHBA,HG,2024-06-11T23:27:22.150465Z,2024-06-11T23:27:46.884318Z,add,36.138884,128.994749,405.0,,,U,0.7392,0.1924
2024T000000013,KS,OJSA,HG,2024-06-11T23:27:21.515182Z,2024-06-11T23:27:45.741714Z,add,36.786901,128.571418,196.0,,,D,0.9818,0.02
2024T000000013,KS,OKCB,HH,2024-06-11T23:27:10.612188Z,2024-06-11T23:27:25.735706Z,add,36.34626,127.79412,118.0,,,D,0.8343,0.2171
2024T000000013,KS,OOJB,HH,2024-06-11T23:27:28.973648Z,2024-06-11T23:27:59.156009Z,add,36.701999,129.408396,103.0,,,D,0.9999,0.0007
2024T000000013,KS,OPHB,HH,2024-06-11T23:27:26.037678Z,2024-06-11T23:27:53.875660Z,add,36.190497,129.339183,76.0,,,D,0.6999,0.162
2024T000000013,KS,OPSA,HG,2024-06-11T23:27:19.876595Z,2024-06-11T23:27:42.794571Z,add,36.580989,128.560634,119.0,,,U,0.5169,0.2668
2024T000000013,KS,OSBA,HG,2024-06-11T23:27:17.096211Z,2024-06-11T23:27:37.793750Z,add,36.276214,128.466333,101.0,,,D,0.7285,0.1641
2024T000000013,KS,OUJA,HG,2024-06-11T23:27:31.320352Z,2024-06-11T23:28:03.376451Z,add,37.11573,129.370242,42.0,,,U,0.9585,0.093
2024T000000013,KS,OWSA,HG,2024-06-11T23:27:23.966582Z,2024-06-11T23:27:50.150715Z,add,35.863047,129.209289,68.0,,,U,0.8742,0.0574
2024T000000013,KS,OYDB,HH,2024-06-11T23:27:04.211901Z,2024-06-11T23:27:14.655994Z,add,36.2294,126.0757,65.0,,,U,0.9552,0.0865
2024T000000013,KS,PGEA,HG,2024-06-11T23:27:22.372441Z,2024-06-11T23:27:47.283558Z,add,36.7559,128.692,210.0,,,D,1.0,0.0
2024T000000013,KS,PHDA,HG,2024-06-11T23:27:09.255810Z,2024-06-11T23:27:23.362654Z,add,35.1287,127.745,337.0,,,U,0.9487,0.0901
2024T000000013,KS,PMYA,HG,2024-06-11T23:27:19.080690Z,2024-06-11T23:27:41.363057Z,add,35.501783,128.760554,121.0,,,D,1.0,0.0
2024T000000013,KS,PORA,HG,2024-06-11T23:27:02.270025Z,2024-06-11T23:27:11.304004Z,add,36.327826,126.557519,40.0,,,U,1.0,0.0
2024T000000013,KS,PTYC,EL,2024-06-11T23:27:18.642760Z,2024-06-11T23:27:40.575393Z,add,34.85075,128.4375733,81.0,,,U,0.8565,0.1479
2024T000000013,KS,PUAA,HG,2024-06-11T23:26:51.685713Z,2024-06-11T23:26:53.033314Z,add,35.7295,126.7167,54.8,,,D,0.9515,0.0417
2024T000000013,KS,PUYA,HG,2024-06-11T23:27:17.348392Z,2024-06-11T23:27:38.247328Z,add,36.56179,128.306132,76.0,,,D,0.9998,0.0008
2024T000000013,KS,PYCB,HH,2024-06-11T23:27:25.695663Z,2024-06-11T23:27:53.260537Z,add,37.3774,128.3946,356.0,,,D,0.9756,0.0535
2024T000000013,KS,PYSB,HH,2024-06-11T23:27:28.399234Z,2024-06-11T23:27:58.122933Z,add,33.3536,126.8167,124.0,,,D,0.9999,0.0003
2024T000000013,KS,SACA,HG,2024-06-11T23:27:08.751134Z,2024-06-11T23:27:22.491486Z,add,35.4131,127.8789,181.3,,,D,0.9727,0.0596
2024T000000013,KS,SAJB,HH,2024-06-11T23:27:14.828000Z,2024-06-11T23:27:33.714083Z,add,36.4079,128.1575,155.0,,,D,0.9881,0.0399
2024T000000013,KS,SCHA,HG,2024-06-11T23:27:06.396103Z,2024-06-11T23:27:18.426256Z,add,35.0199,127.3692,195.0,,,U,0.9108,0.1303
2024T000000013,KS,SECA,HG,2024-06-11T23:26:58.510623Z,2024-06-11T23:27:04.814528Z,add,36.142,126.7519,56.0,,,U,1.0,0.0
2024T000000013,KS,SEJA,HG,2024-06-11T23:27:13.142106Z,2024-06-11T23:27:30.360870Z,add,35.947423,128.21703,59.0,,,D,1.0,0.0
2024T000000013,KS,SENA,HG,2024-06-11T23:26:53.338576Z,2024-06-11T23:26:55.790000Z,original,35.538485,126.742386,31.0,2024-06-11T23:26:53.338576Z,2024-06-11T23:26:55.790000Z,U,1.0,0.0
2024T000000013,KS,SEO3,HH,2024-06-11T23:27:20.906734Z,2024-06-11T23:27:44.647370Z,add,37.4939,126.917,113.0,,,D,0.9464,0.1145
2024T000000013,KS,SESA,HG,2024-06-11T23:27:28.193502Z,2024-06-11T23:27:57.752926Z,add,37.7196,128.1735,330.0,,,D,0.57,0.1956
2024T000000013,KS,SGMA,HG,2024-06-11T23:27:26.066842Z,2024-06-11T23:27:53.928111Z,add,37.8282,127.288,308.0,,,U,0.9998,0.0004
2024T000000013,KS,SGNA,HG,2024-06-11T23:27:20.689269Z,2024-06-11T23:27:44.256239Z,add,37.4461,127.1832,225.0,,,D,0.9999,0.0005
2024T000000013,KS,SGP2,HH,2024-06-11T23:27:29.781538Z,2024-06-11T23:28:00.608976Z,add,33.2587,126.4993,239.3,,,D,1.0,0.0
2024T000000013,KS,SH2B,HH,2024-06-11T23:27:35.258629Z,2024-06-11T23:28:10.459037Z,add,38.2685,128.2524,432.0,,,D,1.0,0.0
2024T000000013,KS,SIJA,HG,2024-06-11T23:27:05.462457Z,2024-06-11T23:27:16.814615Z,add,34.8954483,126.588043,59.0,,,U,1.0,0.0
2024T000000013,KS,SKBA,HG,2024-06-11T23:27:25.672505Z,2024-06-11T23:27:53.218886Z,add,36.521,129.1791,320.0,,,U,1.0,0.0
2024T000000013,KS,SKC2,EL,2024-06-11T23:27:36.872508Z,2024-06-11T23:28:13.361325Z,add,38.2898,128.5219,70.0,,,D,1.0,0.0002
2024T000000013,KS,SLSA,HG,2024-06-11T23:27:17.757598Z,2024-06-11T23:27:38.983332Z,add,37.1349,127.5196,137.0,,,D,0.9507,0.0783
2024T000000013,KS,SMWA,HG,2024-06-11T23:26:54.376208Z,2024-06-11T23:26:57.504626Z,original,35.5259,126.5522,74.0,2024-06-11T23:26:54.376208Z,2024-06-11T23:26:57.504626Z,D,0.9997,0.0007
2024T000000013,KS,SNDA,HG,2024-06-11T23:27:25.977060Z,2024-06-11T23:27:53.766637Z,add,37.2617,128.5956,311.0,,,U,0.9765,0.0801
2024T000000013,KS,SNGB,HH,2024-06-11T23:27:30.711204Z,2024-06-11T23:28:02.280942Z,add,37.3465,129.0865,124.0,,,U,0.9997,0.0007
2024T000000013,KS,SNNA,HG,2024-06-11T23:27:18.810994Z,2024-06-11T23:27:40.877981Z,add,36.0502,128.7111,305.0,,,U,0.9993,0.0025
2024T000000013,KS,SNWA,HG,2024-06-11T23:27:29.396782Z,2024-06-11T23:27:59.917005Z,add,33.279813,126.705114,0.036,,,U,0.9963,0.0038
2024T000000013,KS,SODA,HG,2024-06-11T23:27:22.019369Z,2024-06-11T23:27:46.648532Z,add,37.5714,126.9661,132.0,,,D,0.7853,0.1321
2024T000000013,KS,SUBA,HG,2024-06-11T23:27:27.596494Z,2024-06-11T23:27:56.679209Z,add,36.7826,129.2211,428.0,,,D,0.6482,0.1813
2024T000000013,KS,SUCA,HG,2024-06-11T23:26:58.998339Z,2024-06-11T23:27:05.656456Z,add,35.373621,127.138635,91.0,,,U,1.0,0.0
2024T000000013,KS,SWO2,EL,2024-06-11T23:27:18.071727Z,2024-06-11T23:27:39.548329Z,add,37.2808,126.9824,132.0,,,D,0.9809,0.086
2024T000000013,KS,TAHA,HG,2024-06-11T23:27:47.713671Z,2024-06-11T23:28:32.855699Z,add,37.515,130.8118,214.0,,,U,0.8509,0.0586
2024T000000013,KS,TAIA,HG,2024-06-11T23:26:53.648857Z,2024-06-11T23:26:56.422075Z,add,35.6507,126.9318,50.0,,,D,1.0,0.0
2024T000000013,KS,TANB,HH,2024-06-11T23:27:10.634070Z,2024-06-11T23:27:25.777983Z,add,36.6731,126.1353,50.0,,,U,1.0,0.0002
2024T000000013,KS,TBA2,EL,2024-06-11T23:27:27.629342Z,2024-06-11T23:27:56.738287Z,add,37.1224,128.9523,839.0,,,U,1.0,0.0
2024T000000013,KS,TEJ2,HG,2024-06-11T23:27:06.280978Z,2024-06-11T23:27:18.227529Z,add,36.37249,127.371137,103.6,,,D,0.9987,0.0033
2024T000000013,KS,TOHA,HG,2024-06-11T23:27:32.475070Z,2024-06-11T23:28:05.453142Z,add,37.507,129.1238,89.6,,,U,0.9955,0.0066
2024T000000013,KS,UDO,HH,2024-06-11T23:27:26.170461Z,2024-06-11T23:27:54.114473Z,add,33.5227,126.9538,6.0,,,D,0.9875,0.0253
2024T000000013,KS,UJBA,HG,2024-06-11T23:27:24.716585Z,2024-06-11T23:27:51.499630Z,add,37.7548,127.1063,118.2,,,D,0.9987,0.0049
2024T000000013,KS,UJNA,HG,2024-06-11T23:27:30.842472Z,2024-06-11T23:28:02.517022Z,add,36.9926,129.4135,103.0,,,U,0.9974,0.0087
2024T000000013,KS,ULDR,HH,2024-06-11T23:27:48.342066Z,2024-06-11T23:28:33.985569Z,add,37.4809,130.8987,269.0,,,U,0.7005,0.2742
2024T000000013,KS,UNCA,HG,2024-06-11T23:27:24.457495Z,2024-06-11T23:27:51.033648Z,add,35.4695,129.2395,79.0,,,U,1.0,1e-04
2024T000000013,KS,USN2,EL,2024-06-11T23:27:22.941563Z,2024-06-11T23:27:48.307161Z,add,35.7024,129.1232,250.0,,,D,1.0,0.0
2024T000000013,KS,WAJB,HH,2024-06-11T23:26:59.963821Z,2024-06-11T23:27:07.322652Z,add,35.937821,127.293127,185.0,,,D,1.0,0.0
2024T000000013,KS,WAN2,EL,2024-06-11T23:27:14.047863Z,2024-06-11T23:27:32.307406Z,add,34.3959,126.7019,77.0,,,U,1.0,0.0
2024T000000013,KS,WICA,HG,2024-06-11T23:27:06.719841Z,2024-06-11T23:27:18.985112Z,add,35.7312,127.8015,499.0,,,D,1.0,0.0
2024T000000013,KS,WNBA,HG,2024-06-11T23:27:12.381740Z,2024-06-11T23:27:28.838146Z,add,36.8238,126.2572,67.0,,,U,0.5187,0.2527
2024T000000013,KS,YAGA,HG,2024-06-11T23:27:22.251265Z,2024-06-11T23:27:47.065615Z,add,37.407,127.7569,150.0,,,U,0.9944,0.0064
2024T000000013,KS,YALB,HH,2024-06-11T23:27:12.537626Z,2024-06-11T23:27:29.108348Z,add,35.7279,128.1934,418.0,,,D,1.0,0.0
2024T000000013,KS,YAYA,HG,2024-06-11T23:27:35.595457Z,2024-06-11T23:28:11.064772Z,add,38.1438,128.6025,69.0,,,U,0.9996,0.0006
2024T000000013,KS,YAYB,HH,2024-06-11T23:27:34.919987Z,2024-06-11T23:28:09.850043Z,add,38.0255,128.716,48.0,,,U,0.9533,0.0606
2024T000000013,KS,YC2B,HH,2024-06-11T23:27:28.398694Z,2024-06-11T23:27:58.121961Z,add,38.0398,126.9257,85.0,,,D,0.6298,0.2197
2024T000000013,KS,YCHB,HH,2024-06-11T23:27:19.015089Z,2024-06-11T23:27:41.245067Z,add,36.6222,128.4373,161.0,,,D,1.0,0.0
2024T000000013,KS,YDGA,HG,2024-06-11T23:27:08.179923Z,2024-06-11T23:27:21.505497Z,add,36.0925,127.7943,0.369,,,D,0.995,0.0071
2024T000000013,KS,YEAB,HH,2024-06-11T23:27:23.561462Z,2024-06-11T23:27:49.422087Z,add,36.6611,128.8872,275.0,,,D,0.9708,0.0769
2024T000000013,KS,YEGA,HG,2024-06-11T23:26:58.824852Z,2024-06-11T23:27:05.357014Z,add,35.2837,126.4776,86.0,,,U,1.0,0.0
2024T000000013,KS,YESA,HG,2024-06-11T23:27:13.590157Z,2024-06-11T23:27:31.323763Z,add,34.7395,127.7405,116.0,,,D,0.9934,0.036
2024T000000013,KS,YEYB,HH,2024-06-11T23:27:25.319580Z,2024-06-11T23:27:52.584139Z,add,36.6251,129.088,267.0,,,D,1.0,0.0
2024T000000013,KS,YGAA,HG,2024-06-11T23:27:14.586478Z,2024-06-11T23:27:33.279673Z,add,35.8532,128.3657,80.0,,,D,0.9992,0.0039
2024T000000013,KS,YGBA,HG,2024-06-11T23:27:25.894174Z,2024-06-11T23:27:53.617565Z,add,35.79543,129.3865,141.0,,,U,0.9136,0.0686
2024T000000013,KS,YGGA,HG,2024-06-11T23:27:31.923616Z,2024-06-11T23:28:04.461377Z,add,38.0979,127.9852,223.0,,,D,0.9999,0.0004
2024T000000013,KS,YJD3,HG,2024-06-11T23:27:20.956850Z,2024-06-11T23:27:44.737507Z,add,37.499,126.5493,98.0,,,U,0.9999,0.0002
2024T000000013,KS,YKDB,HH,2024-06-11T23:27:19.004392Z,2024-06-11T23:27:41.225827Z,add,34.6223,128.2734,122.0,,,D,0.5409,0.248
2024T000000013,KS,YNDB,HH,2024-06-11T23:27:17.361406Z,2024-06-11T23:27:38.270736Z,add,34.4323,127.8011,62.0,,,U,0.9999,0.0005
2024T000000013,KS,YOA,EL,2024-06-11T23:27:07.798155Z,2024-06-11T23:27:20.846440Z,add,34.7655,126.7379,154.0,,,U,1.0,0.0
2024T000000013,KS,YOCB,HH,2024-06-11T23:27:21.269327Z,2024-06-11T23:27:45.299524Z,add,35.9771,128.9511,143.0,,,D,1.0,0.0
2024T000000013,KS,YODB,HH,2024-06-11T23:27:28.111443Z,2024-06-11T23:27:57.605344Z,add,36.5333,129.4096,88.0,,,D,0.9986,0.0029
2024T000000013,KS,YOGA,HG,2024-06-11T23:27:29.628219Z,2024-06-11T23:28:00.333237Z,add,38.0942,127.2765,200.0,,,D,0.5738,0.2225
2024T000000013,KS,YOJA,HG,2024-06-11T23:27:18.057526Z,2024-06-11T23:27:39.522787Z,add,35.022225,128.492818,58.0,,,D,0.8852,0.0565
2024T000000013,KS,YOJB,HH,2024-06-11T23:27:21.738469Z,2024-06-11T23:27:46.143313Z,add,36.872,128.5166,252.0,,,D,0.9413,0.1143
2024T000000013,KS,YOW2,EL,2024-06-11T23:27:24.124645Z,2024-06-11T23:27:50.435001Z,add,37.1812,128.4569,287.0,,,D,0.9665,0.0402
2024T000000013,KS,YPDB,HH,2024-06-11T23:27:24.658456Z,2024-06-11T23:27:51.395084Z,add,37.608,125.71,97.0,,,U,0.9504,0.0812
2024T000000013,KS,YSAB,HH,2024-06-11T23:27:09.940644Z,2024-06-11T23:27:24.544803Z,add,36.742,126.8156,85.0,,,U,0.7228,0.1873
2024T000000013,KS,YSDA,HG,2024-06-11T23:27:19.781932Z,2024-06-11T23:27:42.624311Z,add,33.9866,126.9205,57.0,,,D,0.966,0.0593
2024T000000013,KS,YUGA,HG,2024-06-11T23:27:06.419022Z,2024-06-11T23:27:18.465818Z,add,36.5406,126.9473,95.0,,,U,1.0,0.0
2024T000000056,KS,ADOA,HG,2024-06-12T04:56:14.463518Z,2024-06-12T04:56:38.463275Z,add,36.5726,128.7009,162.0,,,D,0.6203,0.2956
2024T000000056,KS,AGSA,HG,2024-06-12T04:56:12.031517Z,2024-06-12T04:56:34.089087Z,add,37.0917,127.808,114.0,,,D,0.7006,0.182
2024T000000056,KS,AMD,HH,2024-06-12T04:55:55.950092Z,2024-06-12T04:56:05.325362Z,add,35.3436,126.03,79.0,,,D,1.0,0.0
2024T000000056,KS,ANDB,HH,2024-06-12T04:56:23.363884Z,2024-06-12T04:56:54.470845Z,add,33.25658,126.32875,84.0,,,U,0.9994,0.0013
2024T000000056,KS,ANHA,HG,2024-06-12T04:56:18.402006Z,2024-06-12T04:56:45.546891Z,add,37.464696,128.155024,540.0,,,D,0.8483,0.0989
2024T000000056,KS,ANMA,HG,2024-06-12T04:56:00.290712Z,2024-06-12T04:56:12.818020Z,add,36.5386,126.33,89.0,,,U,1.0,0.0
2024T000000056,KS,ASNA,HG,2024-06-12T04:56:05.070071Z,2024-06-12T04:56:21.141268Z,add,36.8277,127.0123,96.0,,,U,0.9949,0.0153
2024T000000056,KS,BAR2,HH,2024-06-12T04:56:27.790400Z,2024-06-12T04:57:02.431579Z,add,37.9771,124.7142,88.3,,,U,0.6608,0.2122
2024T000000056,KS,BAU,EL,2024-06-12T04:56:00.904493Z,2024-06-12T04:56:13.877515Z,add,35.1027,127.5968,560.0,,,U,0.9989,0.0029
2024T000000056,KS,BGDB,HH,2024-06-12T04:56:04.626158Z,2024-06-12T04:56:20.332869Z,add,34.7726,125.9469,52.0,,,U,0.6765,0.2349
2024T000000056,KS,BKWA,HG,2024-06-12T04:56:13.998934Z,2024-06-12T04:56:37.627681Z,add,37.1681,127.9875,294.0,,,D,0.5273,0.2752
2024T000000056,KS,BLGA,HG,2024-06-12T04:55:55.435933Z,2024-06-12T04:56:04.437899Z,add,36.1392,127.3032,308.0,,,D,1.0,0.0
2024T000000056,KS,BLLA,HG,2024-06-12T04:56:02.853740Z,2024-06-12T04:56:17.242299Z,add,34.8646,127.4638,49.0,,,U,0.8144,0.2602
2024T000000056,KS,BOGA,HG,2024-06-12T04:56:08.705423Z,2024-06-12T04:56:28.106704Z,add,37.0131,127.3294,105.0,,,D,1.0,0.0002
2024T000000056,KS,BON2,EL,2024-06-12T04:56:06.122871Z,2024-06-12T04:56:22.966122Z,add,36.5482,127.7981,367.0,,,D,0.9999,0.0003
2024T000000056,KS,BSAA,HG,2024-06-12T04:56:17.201961Z,2024-06-12T04:56:43.388556Z,add,35.0661,129.0741,190.0,,,D,0.7006,0.2075
2024T000000056,KS,BURB,HH,2024-06-12T04:56:13.361192Z,2024-06-12T04:56:36.480643Z,add,37.2317,127.7486,86.0,,,U,0.9927,0.0164
2024T000000056,KS,BUS3,HH,2024-06-12T04:56:16.906479Z,2024-06-12T04:56:42.857114Z,add,35.2486,129.1124,119.4,,,D,0.9919,0.0254
2024T000000056,KS,BUSA,HG,2024-06-12T04:56:17.188193Z,2024-06-12T04:56:43.363792Z,add,36.9791,128.6611,357.0,,,D,0.9108,0.0947
2024T000000056,KS,BUYB,HH,2024-06-12T04:55:54.521543Z,2024-06-12T04:56:02.859697Z,add,36.2726,126.9206,57.0,,,U,1.0,0.0
2024T000000056,KS,CDSA,HG,2024-06-12T04:56:08.656932Z,2024-06-12T04:56:28.019488Z,add,35.704465,128.444361,82.0,,,D,0.9979,0.0042
2024T000000056,KS,CE2A,HG,2024-06-12T04:56:04.614095Z,2024-06-12T04:56:20.309541Z,add,36.6268,127.5135,134.0,,,D,0.6937,0.2097
2024T000000056,KS,CEA2,EL,2024-06-12T04:56:05.942310Z,2024-06-12T04:56:22.653150Z,add,36.8231,127.2574,228.0,,,D,1.0,1e-04
2024T000000056,KS,CEBA,HG,2024-06-12T04:56:42.181283Z,2024-06-12T04:57:28.309231Z,add,37.5405,130.9169,59.0,,,U,0.9971,0.0094
2024T000000056,KS,CGAA,HG,2024-06-12T04:56:07.202277Z,2024-06-12T04:56:25.277017Z,add,36.7069,127.7263,249.0,,,D,0.8857,0.1142
2024T000000056,KS,CGDA,HG,2024-06-12T04:56:11.192124Z,2024-06-12T04:56:32.579345Z,add,35.6628,128.6703,141.0,,,D,0.9993,0.0012
2024T000000056,KS,CGIA,HG,2024-06-12T04:56:19.750617Z,2024-06-12T04:56:47.972408Z,add,37.5823,128.1527,264.0,,,D,0.7951,0.1354
2024T000000056,KS,CGPA,HG,2024-06-12T04:55:59.365810Z,2024-06-12T04:56:11.221465Z,add,34.8766,126.9709,130.0,,,D,0.9919,0.0303
2024T000000056,KS,CGUB,HH,2024-06-12T04:56:17.234626Z,2024-06-12T04:56:43.447306Z,add,37.5583,127.7136,160.0,,,D,0.7237,0.3206
2024T000000056,KS,CGWB,HH,2024-06-12T04:56:11.400009Z,2024-06-12T04:56:32.953251Z,add,35.1702,128.5721,83.3,,,D,1.0,0.0
2024T000000056,KS,CGYA,HG,2024-06-12T04:55:57.004727Z,2024-06-12T04:56:07.145793Z,add,36.4234767,126.7787833,0.141,,,D,0.6428,0.1173
2024T000000056,KS,CHDA,HG,2024-06-12T04:56:10.436454Z,2024-06-12T04:56:31.220184Z,add,34.2367,127.2496,81.0,,,D,1.0,0.0
2024T000000056,KS,CHIA,HG,2024-06-12T04:56:09.548121Z,2024-06-12T04:56:29.622407Z,add,37.127287,127.116933,86.0,,,U,1.0,0.0
2024T000000056,KS,CHJ3,HH,2024-06-12T04:56:10.712766Z,2024-06-12T04:56:31.717163Z,add,36.873,127.9748,238.0,,,D,0.9966,0.0246
2024T000000056,KS,CHOA,HG,2024-06-12T04:55:49.889157Z,2024-06-12T04:55:54.862991Z,add,35.8408,127.117,107.0,,,D,1.0,0.0
2024T000000056,KS,CHRB,HH,2024-06-12T04:56:09.185469Z,2024-06-12T04:56:28.970131Z,add,35.5342,128.4779,73.0,,,D,0.9995,0.0013
2024T000000056,KS,CHYB,HH,2024-06-12T04:56:19.133936Z,2024-06-12T04:56:46.863292Z,add,36.9439,128.9144,366.0,,,U,0.9957,0.008
2024T000000056,KS,CIGB,HH,2024-06-12T04:56:08.493837Z,2024-06-12T04:56:27.726140Z,add,36.0398,128.3813,85.0,,,U,0.7682,0.0886
2024T000000056,KS,CJD,HH,2024-06-12T04:56:13.891324Z,2024-06-12T04:56:37.434134Z,add,33.9593,126.2933,82.0,,,U,0.7857,0.0568
2024T000000056,KS,CJDB,HH,2024-06-12T04:55:52.740029Z,2024-06-12T04:55:59.783989Z,add,36.1741,126.5285,69.0,,,U,1.0,0.0
2024T000000056,KS,CLSA,HG,2024-06-12T04:56:09.755215Z,2024-06-12T04:56:29.994891Z,add,35.3628,128.4907,50.0,,,U,0.5138,0.1325
2024T000000056,KS,CPR2,EL,2024-06-12T04:56:04.813337Z,2024-06-12T04:56:20.694860Z,add,36.2211,127.9718,297.0,,,D,0.8009,0.2695
2024T000000056,KS,CSDB,HH,2024-06-12T04:56:10.438956Z,2024-06-12T04:56:31.224683Z,add,34.1811,126.8956,79.0,,,U,0.9989,0.0021
2024T000000056,KS,CSOA,HG,2024-06-12T04:56:17.351794Z,2024-06-12T04:56:43.658039Z,add,36.3878,129.0854,258.0,,,U,0.5952,0.1776
2024T000000056,KS,CWO2,EL,2024-06-12T04:56:23.371317Z,2024-06-12T04:56:54.484213Z,add,38.0834,127.5204,395.0,,,U,0.9999,0.0002
2024T000000056,KS,DAGA,HG,2024-06-12T04:56:11.099272Z,2024-06-12T04:56:32.412341Z,add,35.8788,128.6527,112.2,,,U,0.6586,0.1698
2024T000000056,KS,DAYA,HG,2024-06-12T04:55:51.607932Z,2024-06-12T04:55:57.829900Z,add,35.310266,126.972796,44.0,,,U,1.0,0.0
2024T000000056,KS,DDCA,HG,2024-06-12T04:56:19.954259Z,2024-06-12T04:56:48.338663Z,add,37.902,127.061,162.39999999999998,,,D,0.5162,0.2391
2024T000000056,KS,DDCB,HH,2024-06-12T04:56:26.237152Z,2024-06-12T04:56:59.638242Z,add,37.8317,124.7069,81.0,,,D,0.6619,0.323
2024T000000056,KS,DEI2,HH,2024-06-12T04:56:11.912068Z,2024-06-12T04:56:33.874246Z,add,37.2557,126.1048,91.1,,,D,0.6442,0.2735
2024T000000056,KS,DGHA,HG,2024-06-12T04:55:56.539557Z,2024-06-12T04:56:06.342837Z,add,35.8352,127.5711,359.0,,,D,1.0,0.0
2024T000000056,KS,DGJA,HG,2024-06-12T04:56:05.773635Z,2024-06-12T04:56:22.360780Z,add,36.8894,126.6174,85.0,,,D,0.664,0.1478
2024T000000056,KS,DGLA,HG,2024-06-12T04:56:12.227880Z,2024-06-12T04:56:34.442267Z,add,36.7907,128.2706,496.0,,,D,0.9859,0.0553
2024T000000056,KS,DKSA,HG,2024-06-12T04:56:12.301335Z,2024-06-12T04:56:34.574383Z,add,36.9044,128.1456,322.0,,,D,0.645,0.1893
2024T000000056,KS,DNBA,HG,2024-06-12T04:56:10.640174Z,2024-06-12T04:56:31.586599Z,add,36.3906,128.4284,116.0,,,U,0.5859,0.2741
2024T000000056,KS,DNYA,HG,2024-06-12T04:56:14.746784Z,2024-06-12T04:56:38.972753Z,add,36.9877,128.3559,231.0,,,D,0.7233,0.1274
2024T000000056,KS,DUSB,HH,2024-06-12T04:55:59.821385Z,2024-06-12T04:56:12.007932Z,add,35.8942,127.7731,694.0,,,D,0.8855,0.0988
2024T000000056,KS,ECDB,HH,2024-06-12T04:55:57.190247Z,2024-06-12T04:56:07.466034Z,add,36.1183,125.9797,84.0,,,D,0.8188,0.2171
2024T000000056,KS,EURB,HH,2024-06-12T04:56:07.710889Z,2024-06-12T04:56:26.317901Z,add,35.322492,128.288222,13.0,,,U,0.9999,0.0005
2024T000000056,KS,EUSB,HH,2024-06-12T04:56:13.082775Z,2024-06-12T04:56:35.979883Z,add,36.3561,128.6887,123.0,,,D,0.9999,0.0002
2024T000000056,KS,GACA,HG,2024-06-12T04:56:08.939888Z,2024-06-12T04:56:28.528422Z,add,35.1136,128.3071,178.0,,,D,0.9761,0.0178
2024T000000056,KS,GAGA,HG,2024-06-12T04:56:22.900813Z,2024-06-12T04:56:53.638025Z,add,37.1306,129.1696,203.0,,,D,0.9495,0.0483
2024T000000056,KS,GAPB,HH,2024-06-12T04:56:20.129913Z,2024-06-12T04:56:48.654578Z,add,37.8442,127.4949,123.8,,,U,0.8118,0.2336
2024T000000056,KS,GBI2,HH,2024-06-12T04:56:07.596384Z,2024-06-12T04:56:26.111948Z,add,36.6255,125.559515,144.1,,,D,0.9553,0.0927
2024T000000056,KS,GDDB,HH,2024-06-12T04:56:15.007458Z,2024-06-12T04:56:39.441596Z,add,34.9931,128.8313,127.40000000000002,,,D,0.6201,0.2108
2024T000000056,KS,GEJA,HG,2024-06-12T04:56:13.413465Z,2024-06-12T04:56:36.574661Z,add,34.998401,128.679686,24.0,,,D,0.8318,0.1482
2024T000000056,KS,GEJB,HH,2024-06-12T04:56:31.012817Z,2024-06-12T04:57:08.226566Z,add,38.4165,128.3858,135.0,,,D,0.9132,0.1694
2024T000000056,KS,GGDA,HG,2024-06-12T04:56:17.852961Z,2024-06-12T04:56:44.559410Z,add,35.9499,129.2531,85.0,,,U,0.8336,0.1037
2024T000000056,KS,GGDB,HH,2024-06-12T04:56:18.421014Z,2024-06-12T04:56:45.581077Z,add,34.0521917,125.126362,69.0,,,U,0.5183,0.1992
2024T000000056,KS,GGGA,HG,2024-06-12T04:56:20.473311Z,2024-06-12T04:56:49.272185Z,add,36.3637,129.3908,132.0,,,D,0.6204,0.1176
2024T000000056,KS,GGSA,HG,2024-06-12T04:56:21.216158Z,2024-06-12T04:56:50.608198Z,add,36.9295,129.1518,655.0,,,U,0.9573,0.0478
2024T000000056,KS,GGTA,HG,2024-06-12T04:56:17.958963Z,2024-06-12T04:56:44.750061Z,add,37.7686,126.8991,126.0,,,U,0.9555,0.0512
2024T000000056,KS,GH2B,HH,2024-06-12T04:56:17.225320Z,2024-06-12T04:56:43.430568Z,add,37.7076,126.446435,81.69999999999999,,,U,0.9581,0.1222
2024T000000056,KS,GICA,HG,2024-06-12T04:56:05.544791Z,2024-06-12T04:56:21.964116Z,add,36.0812,128.1016,120.0,,,U,0.8132,0.2125
2024T000000056,KS,GIGA,HG,2024-06-12T04:56:17.489293Z,2024-06-12T04:56:43.905337Z,add,36.0689,129.1996,104.0,,,U,0.9608,0.0523
2024T000000056,KS,GIJA,HG,2024-06-12T04:55:46.714401Z,2024-06-12T04:55:49.246721Z,original,35.796622,126.902045,16.0,2024-06-12T04:55:46.714401Z,2024-06-12T04:55:49.246721Z,D,1.0,0.0
2024T000000056,KS,GKSA,HG,2024-06-12T04:55:55.066450Z,2024-06-12T04:56:03.800151Z,add,35.2304,127.2252,182.0,,,U,1.0,0.0
2024T000000056,KS,GLCA,HG,2024-06-12T04:56:25.646791Z,2024-06-12T04:56:58.576511Z,add,37.9049,128.5207,600.0,,,D,0.9995,0.0028
2024T000000056,KS,GLSA,HG,2024-06-12T04:55:59.164845Z,2024-06-12T04:56:10.874537Z,add,36.5255,126.545,77.0,,,D,0.9999,0.0003
2024T000000056,KS,GMDB,HH,2024-06-12T04:56:13.148638Z,2024-06-12T04:56:36.098344Z,add,34.0408,127.2882,132.0,,,D,0.9822,0.0243
2024T000000056,KS,GMHB,HH,2024-06-12T04:56:25.338915Z,2024-06-12T04:56:58.022817Z,add,38.25,127.421,246.0,,,U,1.0,0.0
2024T000000056,KS,GMPB,HH,2024-06-12T04:56:16.159922Z,2024-06-12T04:56:41.514386Z,add,37.6421,126.6756,52.0,,,U,0.5502,0.1364
2024T000000056,KS,GOBA,HG,2024-06-12T04:56:01.643521Z,2024-06-12T04:56:15.153194Z,add,36.657064,126.544051,45.0,,,D,1.0,0.0
2024T000000056,KS,GOCB,HH,2024-06-12T04:55:50.247519Z,2024-06-12T04:55:55.481073Z,add,35.348448,126.598183,45.0,,,D,1.0,0.0
2024T000000056,KS,GOSF,EL,2024-06-12T04:56:22.998698Z,2024-06-12T04:56:53.814069Z,add,33.302741,126.182302,20.0,,,U,0.6783,0.2581
2024T000000056,KS,GSGA,HG,2024-06-12T04:56:14.943878Z,2024-06-12T04:56:39.327241Z,add,37.5516,126.8443,91.6,,,D,0.7097,0.2887
2024T000000056,KS,GSNA,HG,2024-06-12T04:56:14.987573Z,2024-06-12T04:56:39.405831Z,add,35.7576,129.0109,220.0,,,D,0.7505,0.2283
2024T000000056,KS,GUJA,HG,2024-06-12T04:56:19.026071Z,2024-06-12T04:56:46.669294Z,add,33.5504,126.7503,63.0,,,U,0.7468,0.0698
2024T000000056,KS,GUMA,HG,2024-06-12T04:56:08.361743Z,2024-06-12T04:56:27.488550Z,add,36.2347,128.2902,102.0,,,D,0.9964,0.0077
2024T000000056,KS,GUWB,HH,2024-06-12T04:56:11.286181Z,2024-06-12T04:56:32.748517Z,add,36.18242,128.5932,138.9,,,U,0.9359,0.1649
2024T000000056,KS,GWLA,HG,2024-06-12T04:56:20.661495Z,2024-06-12T04:56:49.610634Z,add,37.2195,128.8212,873.0,,,D,0.8437,0.1812
2024T000000056,KS,GWYB,HH,2024-06-12T04:56:04.046832Z,2024-06-12T04:56:19.301794Z,add,34.943289,127.691414,76.0,,,D,0.9417,0.1559
2024T000000056,KS,HA2B,HH,2024-06-12T04:56:21.633098Z,2024-06-12T04:56:51.358062Z,add,33.3925,126.2582,40.0,,,U,0.9985,0.0058
2024T000000056,KS,HACA,HG,2024-06-12T04:56:05.165726Z,2024-06-12T04:56:21.307070Z,add,35.4135383,128.1016417,126.0,,,D,0.9049,0.1527
2024T000000056,KS,HAIA,HG,2024-06-12T04:56:08.933352Z,2024-06-12T04:56:28.516665Z,add,34.9444,128.1928,62.0,,,D,0.9153,0.0566
2024T000000056,KS,HAMB,HH,2024-06-12T04:55:59.425793Z,2024-06-12T04:56:11.325018Z,add,35.5115544,127.745693,188.0,,,D,1.0,1e-04
2024T000000056,KS,HANB,HH,2024-06-12T04:56:05.121007Z,2024-06-12T04:56:21.229557Z,add,34.554,126.5688,65.0,,,U,0.5638,0.1755
2024T000000056,KS,HAWA,HG,2024-06-12T04:56:03.779393Z,2024-06-12T04:56:18.840140Z,add,34.671,126.3283,44.0,,,U,0.5505,0.2552
2024T000000056,KS,HAWB,HH,2024-06-12T04:56:08.492429Z,2024-06-12T04:56:27.723607Z,add,37.084445,126.773925,10.0,,,D,0.9995,0.0009
2024T000000056,KS,HCNA,HG,2024-06-12T04:56:05.610437Z,2024-06-12T04:56:22.077903Z,add,35.5652,128.17,79.0,,,D,0.997,0.0171
2024T000000056,KS,HEDA,HG,2024-06-12T04:56:06.374554Z,2024-06-12T04:56:23.498181Z,add,34.6064,126.0365,55.0,,,D,0.9856,0.0338
2024T000000056,KS,HESA,HG,2024-06-12T04:56:18.178725Z,2024-06-12T04:56:45.145312Z,add,37.5406,127.9565,249.0,,,D,1.0,0.0002
2024T000000056,KS,HGDB,HH,2024-06-12T04:56:11.360258Z,2024-06-12T04:56:32.881753Z,add,34.7068,125.2012,45.0,,,U,0.9038,0.0985
2024T000000056,KS,HGSA,HG,2024-06-12T04:56:01.457171Z,2024-06-12T04:56:14.831531Z,add,36.6579,126.6879,65.0,,,D,1.0,0.0
2024T000000056,KS,HMGA,HG,2024-06-12T04:56:21.533769Z,2024-06-12T04:56:51.179419Z,add,36.0761,129.5666,79.0,,,D,0.8986,0.0809
2024T000000056,KS,HMPA,HG,2024-06-12T04:55:54.000985Z,2024-06-12T04:56:01.960565Z,add,35.1413,126.6176,58.0,,,U,1.0,0.0
2024T000000056,KS,HOCA,HG,2024-06-12T04:56:19.556112Z,2024-06-12T04:56:47.622586Z,add,37.6838,127.8801,184.0,,,D,0.9988,0.0018
2024T000000056,KS,HONA,HG,2024-06-12T04:56:02.565956Z,2024-06-12T04:56:16.745524Z,add,36.4457,127.5791,162.0,,,D,0.5763,0.2706
2024T000000056,KS,HSJB,HH,2024-06-12T04:56:01.796172Z,2024-06-12T04:56:15.416696Z,add,36.5668,127.2804,86.0,,,D,0.8943,0.1681
2024T000000056,KS,HTDA,HG,2024-06-12T04:56:13.584402Z,2024-06-12T04:56:36.882106Z,add,34.3908,125.2986,48.0,,,D,0.9994,0.0015
2024T000000056,KS,HWCA,HG,2024-06-12T04:56:23.959393Z,2024-06-12T04:56:55.541843Z,add,38.065,127.7746,287.9,,,D,0.9589,0.0692
2024T000000056,KS,HWDB,HH,2024-06-12T04:56:16.872336Z,2024-06-12T04:56:42.795707Z,add,37.6322,127.3404,71.0,,,U,0.9057,0.1381
2024T000000056,KS,HWSA,HG,2024-06-12T04:56:06.406900Z,2024-06-12T04:56:23.567696Z,add,36.4412,127.9441,321.0,,,U,0.9353,0.031
2024T000000056,KS,HYDA,HG,2024-06-12T04:56:16.213132Z,2024-06-12T04:56:41.610087Z,add,36.283577,129.019264,287.0,,,U,0.9459,0.048
2024T000000056,KS,ICN2,EL,2024-06-12T04:56:12.621921Z,2024-06-12T04:56:35.150989Z,add,37.2908,127.4167,128.0,,,U,0.9831,0.0206
2024T000000056,KS,IJAA,HG,2024-06-12T04:56:25.015672Z,2024-06-12T04:56:57.441495Z,add,37.9471,128.3248,335.9,,,D,0.836,0.1029
2024T000000056,KS,IJBA,HG,2024-06-12T04:56:27.061438Z,2024-06-12T04:57:01.120631Z,add,38.1208,128.3173,462.0,,,D,0.8935,0.0778
2024T000000056,KS,IJDB,HH,2024-06-12T04:55:58.525732Z,2024-06-12T04:56:09.771308Z,add,35.1028,126.0651,55.0,,,D,1.0,0.0
2024T000000056,KS,IKSA,HG,2024-06-12T04:55:51.821554Z,2024-06-12T04:55:58.197885Z,add,36.0592,127.0619,86.0,,,D,1.0,0.0
2024T000000056,KS,IKSB,HH,2024-06-12T04:55:49.192662Z,2024-06-12T04:55:53.660505Z,add,35.9355,126.9747,66.0,,,D,1.0,0.0
2024T000000056,KS,IMSB,HH,2024-06-12T04:55:52.070025Z,2024-06-12T04:55:58.627281Z,add,35.6124,127.2854,238.0,,,D,1.0,0.0
2024T000000056,KS,IMWB,HH,2024-06-12T04:56:25.296057Z,2024-06-12T04:56:57.945752Z,add,37.237934,129.342076,21.0,,,D,0.9899,0.03
2024T000000056,KS,INCA,HG,2024-06-12T04:56:13.918693Z,2024-06-12T04:56:37.483360Z,add,37.4777,126.624,108.0,,,D,0.9998,0.0006
2024T000000056,KS,INJA,HG,2024-06-12T04:56:07.355934Z,2024-06-12T04:56:25.607235Z,add,36.993,126.918474,59.0,,,D,1.0,0.0
2024T000000056,KS,IPTA,HG,2024-06-12T04:56:07.851341Z,2024-06-12T04:56:26.570523Z,add,36.996887,127.135381,0.0649999999999999,,,U,0.9999,0.0004
2024T000000056,KS,ISHB,HH,2024-06-12T04:56:12.122156Z,2024-06-12T04:56:34.252110Z,add,37.348832,126.70386,49.0,,,D,0.9992,0.0045
2024T000000056,KS,IYIB,HH,2024-06-12T04:56:11.763214Z,2024-06-12T04:56:33.606515Z,add,37.2708,127.2317,164.0,,,U,0.927,0.0942
2024T000000056,KS,IYPA,HG,2024-06-12T04:56:15.607090Z,2024-06-12T04:56:40.520080Z,add,37.491441,127.521814,94.0,,,D,0.9999,0.0002
2024T000000056,KS,JAEA,HG,2024-06-12T04:56:18.776751Z,2024-06-12T04:56:46.220884Z,add,36.8,128.9903,380.0,,,D,0.7694,0.1969
2024T000000056,KS,JAEB,HH,2024-06-12T04:56:02.241460Z,2024-06-12T04:56:16.185372Z,add,34.879054,126.028758,2.0,,,D,0.8401,0.1277
2024T000000056,KS,JAGA,HG,2024-06-12T04:55:50.629724Z,2024-06-12T04:55:56.141212Z,add,35.3196,126.8107,121.8,,,U,1.0,0.0
2024T000000056,KS,JAHA,HG,2024-06-12T04:56:02.722048Z,2024-06-12T04:56:17.014972Z,add,34.689,126.9194,89.0,,,D,0.5106,0.2447
2024T000000056,KS,JASA,HG,2024-06-12T04:55:55.550526Z,2024-06-12T04:56:04.635622Z,add,35.6571,127.5204,454.0,,,D,1.0,0.0
2024T000000056,KS,JCUA,HG,2024-06-12T04:56:17.032906Z,2024-06-12T04:56:43.084502Z,add,37.2753,128.2694,322.0,,,D,0.5266,0.2067
2024T000000056,KS,JDGB,HH,2024-06-12T04:56:24.250701Z,2024-06-12T04:56:56.065748Z,add,37.690417,128.674248,813.0,,,D,0.9999,0.0005
2024T000000056,KS,JDO2,EL,2024-06-12T04:56:06.928379Z,2024-06-12T04:56:24.688390Z,add,34.473,126.3238,541.0,,,U,0.9999,0.0003
2024T000000056,KS,JECB,HH,2024-06-12T04:56:15.279515Z,2024-06-12T04:56:39.930911Z,add,37.1595,128.1945,317.0,,,U,0.9814,0.0739
2024T000000056,KS,JEDA,HG,2024-06-12T04:55:59.666142Z,2024-06-12T04:56:11.739941Z,add,35.001844,126.101988,8.0,,,D,0.986,0.0397
2024T000000056,KS,JEJB,HH,2024-06-12T04:56:19.813441Z,2024-06-12T04:56:48.085399Z,add,35.6374,129.4411,46.4,,,U,0.9991,0.0023
2024T000000056,KS,JESA,HG,2024-06-12T04:56:21.472341Z,2024-06-12T04:56:51.068942Z,add,37.4303,128.6653,434.0,,,D,0.9684,0.027
2024T000000056,KS,JEU2,EL,2024-06-12T04:55:48.395369Z,2024-06-12T04:55:52.252119Z,original,35.49345,126.929807,198.0,2024-06-12T04:55:48.395369Z,,U,1.0,0.0
2024T000000056,KS,JGJA,HG,2024-06-12T04:56:26.084563Z,2024-06-12T04:56:59.363825Z,add,37.704719,128.913415,78.0,,,U,0.8391,0.0555
2024T000000056,KS,JGNA,HG,2024-06-12T04:56:03.941831Z,2024-06-12T04:56:19.120540Z,add,35.8754,128.0485,413.0,,,U,0.9992,0.003
2024T000000056,KS,JHCB,HH,2024-06-12T04:56:25.844432Z,2024-06-12T04:56:58.931968Z,add,38.232183,127.688756,468.0,,,U,0.9993,0.0035
2024T000000056,KS,JINA,HG,2024-06-12T04:56:05.885483Z,2024-06-12T04:56:22.554650Z,add,35.1642,128.0402,73.0,,,U,0.8834,0.1244
2024T000000056,KS,JJBA,HG,2024-06-12T04:56:23.052587Z,2024-06-12T04:56:53.910987Z,add,37.647925,128.564524,575.0,,,D,0.5052,0.153
2024T000000056,KS,JJU2,HH,2024-06-12T04:56:20.738973Z,2024-06-12T04:56:49.749979Z,add,33.4305,126.5463,569.0,,,D,0.9863,0.0202
2024T000000056,KS,JKJA,HG,2024-06-12T04:56:18.153172Z,2024-06-12T04:56:45.099353Z,add,36.2421,129.2151,424.0,,,U,0.9962,0.0053
2024T000000056,KS,JLSA,HG,2024-06-12T04:55:58.943719Z,2024-06-12T04:56:10.492831Z,add,35.3574,127.648,541.0,,,D,1.0,0.0
2024T000000056,KS,JMJ2,EL,2024-06-12T04:56:26.869815Z,2024-06-12T04:57:00.776019Z,add,37.8816,128.7561,108.0,,,U,0.9986,0.003
2024T000000056,KS,JNHA,HG,2024-06-12T04:56:13.591556Z,2024-06-12T04:56:36.894974Z,add,35.1121,128.7536,47.0,,,D,0.9628,0.0443
2024T000000056,KS,JNPA,HG,2024-06-12T04:56:07.145087Z,2024-06-12T04:56:25.154111Z,add,36.7956,127.5621,128.0,,,D,0.9986,0.0043
2024T000000056,KS,JNUA,HG,2024-06-12T04:56:03.447414Z,2024-06-12T04:56:18.267079Z,add,36.6908,127.2005,126.0,,,U,0.7511,0.0638
2024T000000056,KS,JNYA,HG,2024-06-12T04:56:12.496094Z,2024-06-12T04:56:34.924678Z,add,35.2822,128.7175,74.0,,,D,0.9703,0.072
2024T000000056,KS,JODB,HH,2024-06-12T04:56:10.039986Z,2024-06-12T04:56:30.507088Z,add,34.3115,126.0437,60.0,,,U,1.0,0.0
2024T000000056,KS,JOGB,HH,2024-06-12T04:56:25.736174Z,2024-06-12T04:56:58.737255Z,add,37.621027,128.980129,70.0,,,D,1.0,0.0
2024T000000056,KS,JSTB,HH,2024-06-12T04:56:19.167027Z,2024-06-12T04:56:46.922807Z,add,37.19218,128.66809,596.0,,,D,0.781,0.111
2024T000000056,KS,JUCA,HG,2024-06-12T04:56:13.837888Z,2024-06-12T04:56:37.338024Z,add,35.2423,128.828,56.0,,,U,0.8285,0.1988
2024T000000056,KS,JURA,HG,2024-06-12T04:56:16.078750Z,2024-06-12T04:56:41.368392Z,add,37.6147,127.0868,88.0,,,D,0.8145,0.1228
2024T000000056,KS,JWJB,HH,2024-06-12T04:56:17.214762Z,2024-06-12T04:56:43.411579Z,add,37.415544,128.050498,299.0,,,D,0.9454,0.0978
2024T000000056,KS,KAWA,HG,2024-06-12T04:56:26.714936Z,2024-06-12T04:57:00.497487Z,add,37.8052,128.8548,133.0,,,D,0.7677,0.0923
2024T000000056,KS,KCH2,EL,2024-06-12T04:56:01.767042Z,2024-06-12T04:56:15.366411Z,add,35.614,127.9188,442.0,,,D,1.0,0.0
2024T000000056,KS,KESB,HH,2024-06-12T04:56:09.252805Z,2024-06-12T04:56:29.091244Z,add,36.953658,127.604785,0.237,,,D,0.9986,0.003
2024T000000056,KS,KH2B,HH,2024-06-12T04:56:05.434871Z,2024-06-12T04:56:21.773589Z,add,34.6185,127.2757,108.0,,,D,0.8947,0.1795
2024T000000056,KS,KKDA,HG,2024-06-12T04:56:07.148196Z,2024-06-12T04:56:25.160792Z,add,34.4557,127.1222,55.0,,,D,0.9998,0.0011
2024T000000056,KS,KMSB,HH,2024-06-12T04:55:57.208148Z,2024-06-12T04:56:07.496934Z,add,36.1059,127.4816,217.8,,,D,1.0,0.0
2024T000000056,KS,KOSB,HH,2024-06-12T04:56:33.201132Z,2024-06-12T04:57:12.161763Z,add,38.6028,128.3595,15.0,,,D,0.5195,0.2921
2024T000000056,KS,KWJ2,HH,2024-06-12T04:55:54.314396Z,2024-06-12T04:56:02.501949Z,add,35.1599,126.9911,263.0,,,U,1.0,0.0
2024T000000056,KS,KWJU,HH,2024-06-12T04:55:54.314396Z,2024-06-12T04:56:02.501949Z,add,35.1599,126.9911,263.0,,,U,1.0,0.0
2024T000000056,KS,LIWA,HG,2024-06-12T04:56:00.432638Z,2024-06-12T04:56:13.063012Z,add,36.2482,127.6137,151.0,,,D,1.0,0.0
2024T000000056,KS,LMGA,HG,2024-06-12T04:56:23.577208Z,2024-06-12T04:56:54.854499Z,add,37.4918,128.8637,554.0,,,D,1.0,0.0
2024T000000056,KS,MALA,HG,2024-06-12T04:55:52.893927Z,2024-06-12T04:56:00.049650Z,add,35.7445,127.3477,304.0,,,D,1.0,0.0
2024T000000056,KS,MANA,HG,2024-06-12T04:55:56.630608Z,2024-06-12T04:56:06.500004Z,add,35.0941,126.285,70.4,,,D,1.0,0.0
2024T000000056,KS,MGY2,EL,2024-06-12T04:56:09.259080Z,2024-06-12T04:56:29.102529Z,add,36.6551667,128.060783,70.4,,,D,0.9972,0.0075
2024T000000056,KS,MJDB,HH,2024-06-12T04:56:14.394355Z,2024-06-12T04:56:38.338880Z,add,34.2074,125.469,47.0,,,U,0.7453,0.2284
2024T000000056,KS,MLGA,HG,2024-06-12T04:56:15.448468Z,2024-06-12T04:56:40.234786Z,add,35.3113,128.997,52.0,,,U,0.9385,0.0916
2024T000000056,KS,MMD,HH,2024-06-12T04:56:14.804625Z,2024-06-12T04:56:39.076785Z,add,34.6488,128.5769,128.0,,,D,0.9977,0.0053
2024T000000056,KS,MND,HH,2024-06-12T04:55:48.361762Z,2024-06-12T04:55:52.139442Z,original,35.8043,126.4242,56.4,,2024-06-12T04:55:52.139442Z,D,1.0,0.0
2024T000000056,KS,MNDB,HH,2024-06-12T04:55:58.748292Z,2024-06-12T04:56:10.155433Z,add,34.966515,127.160857,168.0,,,U,0.9858,0.0132
2024T000000056,KS,MOGA,HG,2024-06-12T04:56:18.481952Z,2024-06-12T04:56:45.690677Z,add,37.6962,127.5825,126.0,,,D,1.0,0.0
2024T000000056,KS,MOPB,HH,2024-06-12T04:56:00.866030Z,2024-06-12T04:56:13.811120Z,add,34.8173,126.3812,87.0,,,D,0.9113,0.2275
2024T000000056,KS,MSMB,HH,2024-06-12T04:55:46.114629Z,2024-06-12T04:55:48.176712Z,original,35.689173,126.556217,49.0,2024-06-12T04:55:46.114629Z,2024-06-12T04:55:48.176712Z,D,1.0,0.0
2024T000000056,KS,MSNA,HG,2024-06-12T04:56:14.413331Z,2024-06-12T04:56:38.373011Z,add,35.5884,128.9539,275.0,,,D,0.9009,0.0941
2024T000000056,KS,MUS2,EL,2024-06-12T04:56:19.514870Z,2024-06-12T04:56:47.548412Z,add,37.8862,126.7656,70.8,,,D,0.9627,0.0967
2024T000000056,KS,NACA,HG,2024-06-12T04:55:48.496372Z,2024-06-12T04:55:52.458760Z,add,35.9505,126.591,51.0,,,U,1.0,0.0
2024T000000056,KS,NAHA,HG,2024-06-12T04:56:07.611945Z,2024-06-12T04:56:26.139935Z,add,34.8167,127.9261,96.0,,,U,0.9871,0.0111
2024T000000056,KS,NAJA,HG,2024-06-12T04:55:56.155822Z,2024-06-12T04:56:05.680465Z,add,35.0261,126.8264,67.4,,,U,1.0,0.0
2024T000000056,KS,NAMB,HH,2024-06-12T04:56:23.306936Z,2024-06-12T04:56:54.368425Z,add,37.7711,128.3863,655.0,,,U,1.0,0.0
2024T000000056,KS,NAWB,HH,2024-06-12T04:55:54.901583Z,2024-06-12T04:56:03.515548Z,add,35.42117,127.396272,127.0,,,D,1.0,0.0
2024T000000056,KS,NCNA,HG,2024-06-12T04:56:22.258229Z,2024-06-12T04:56:52.482353Z,add,37.8197,128.0919,277.0,,,D,0.9987,0.0035
2024T000000056,KS,NGJA,HG,2024-06-12T04:56:03.355487Z,2024-06-12T04:56:18.108400Z,add,34.644516,126.784051,55.0,,,U,0.9947,0.0105
2024T000000056,KS,NHPA,HG,2024-06-12T04:55:55.786257Z,2024-06-12T04:56:05.042576Z,add,35.060394,126.527374,37.0,,,U,1.0,0.0
2024T000000056,KS,NHSB,HH,2024-06-12T04:56:09.438352Z,2024-06-12T04:56:29.424974Z,add,34.687072,125.450413,111.0,,,U,1.0,0.0002
2024T000000056,KS,NJDA,HG,2024-06-12T04:56:08.315216Z,2024-06-12T04:56:27.404865Z,add,37.0503,126.4221,59.0,,,D,0.9951,0.0118
2024T000000056,KS,NLDA,HG,2024-06-12T04:56:07.557856Z,2024-06-12T04:56:26.041181Z,add,34.5326,127.4673,127.0,,,U,0.9859,0.0162
2024T000000056,KS,NOSA,HG,2024-06-12T04:55:55.931080Z,2024-06-12T04:56:05.292547Z,add,36.2836,127.1272,108.0,,,D,0.8973,0.0757
2024T000000056,KS,NPGA,HG,2024-06-12T04:56:02.798648Z,2024-06-12T04:56:17.147198Z,add,34.786946,126.147751,29.0,,,D,0.9998,0.0005
2024T000000056,KS,NSJA,HG,2024-06-12T04:56:07.740154Z,2024-06-12T04:56:26.370538Z,add,34.381934,126.515861,45.0,,,U,0.9983,0.005
2024T000000056,KS,NYSA,HG,2024-06-12T04:56:07.732170Z,2024-06-12T04:56:26.356177Z,add,34.378096,126.88675,35.0,,,U,0.9448,0.0607
2024T000000056,KS,OADB,HH,2024-06-12T04:56:15.456387Z,2024-06-12T04:56:40.249028Z,add,36.524538,128.831413,135.0,,,U,0.9847,0.0478
2024T000000056,KS,OGSB,HH,2024-06-12T04:56:13.721375Z,2024-06-12T04:56:37.128465Z,add,35.7685,128.8971,281.0,,,D,1.0,1e-04
2024T000000056,KS,OHBA,HG,2024-06-12T04:56:15.442933Z,2024-06-12T04:56:40.224830Z,add,36.138884,128.994749,405.0,,,U,0.9938,0.0196
2024T000000056,KS,OJSA,HG,2024-06-12T04:56:14.804252Z,2024-06-12T04:56:39.076114Z,add,36.786901,128.571418,196.0,,,U,0.9991,0.0065
2024T000000056,KS,OKCB,HH,2024-06-12T04:56:03.776902Z,2024-06-12T04:56:18.835838Z,add,36.34626,127.79412,118.0,,,D,0.9487,0.1153
2024T000000056,KS,OOJB,HH,2024-06-12T04:56:22.263691Z,2024-06-12T04:56:52.492177Z,add,36.701999,129.408396,103.0,,,U,1.0,1e-04
2024T000000056,KS,OPHB,HH,2024-06-12T04:56:19.330227Z,2024-06-12T04:56:47.216328Z,add,36.190497,129.339183,76.0,,,U,0.9991,0.0037
2024T000000056,KS,OPSA,HG,2024-06-12T04:56:13.165963Z,2024-06-12T04:56:36.129504Z,add,36.580989,128.560634,119.0,,,U,0.9269,0.1012
2024T000000056,KS,OSBA,HG,2024-06-12T04:56:10.386710Z,2024-06-12T04:56:31.130713Z,add,36.276214,128.466333,101.0,,,U,0.9897,0.0173
2024T000000056,KS,OUJA,HG,2024-06-12T04:56:24.609523Z,2024-06-12T04:56:56.711069Z,add,37.11573,129.370242,42.0,,,D,0.9909,0.0158
2024T000000056,KS,OWSA,HG,2024-06-12T04:56:17.261815Z,2024-06-12T04:56:43.496206Z,add,35.863047,129.209289,68.0,,,D,0.9895,0.0239
2024T000000056,KS,OYDB,HH,2024-06-12T04:55:57.408565Z,2024-06-12T04:56:07.842890Z,add,36.2294,126.0757,65.0,,,D,0.9029,0.0678
2024T000000056,KS,PGEA,HG,2024-06-12T04:56:15.661607Z,2024-06-12T04:56:40.618132Z,add,36.7559,128.692,210.0,,,D,0.9999,0.0002
2024T000000056,KS,PHDA,HG,2024-06-12T04:56:02.437722Z,2024-06-12T04:56:16.524166Z,add,35.1287,127.745,337.0,,,D,0.9937,0.017
2024T000000056,KS,PMYA,HG,2024-06-12T04:56:12.380678Z,2024-06-12T04:56:34.717090Z,add,35.501783,128.760554,121.0,,,D,0.9967,0.0058
2024T000000056,KS,PORA,HG,2024-06-12T04:55:55.435129Z,2024-06-12T04:56:04.436511Z,add,36.327826,126.557519,40.0,,,U,0.7383,0.115
2024T000000056,KS,PTYC,EL,2024-06-12T04:56:11.956079Z,2024-06-12T04:56:33.953402Z,add,34.85075,128.4375733,81.0,,,U,1.0,1e-04
2024T000000056,KS,PUAA,HG,2024-06-12T04:55:44.729644Z,2024-06-12T04:55:45.956648Z,add,35.7295,126.7167,54.8,,,U,1.0,0.0
2024T000000056,KS,PUYA,HG,2024-06-12T04:56:10.637539Z,2024-06-12T04:56:31.581859Z,add,36.56179,128.306132,76.0,,,D,0.8629,0.0607
2024T000000056,KS,PYCB,HH,2024-06-12T04:56:18.985665Z,2024-06-12T04:56:46.596623Z,add,37.3774,128.3946,356.0,,,U,0.9985,0.0027
2024T000000056,KS,PYSB,HH,2024-06-12T04:56:21.747969Z,2024-06-12T04:56:51.564658Z,add,33.3536,126.8167,124.0,,,U,0.6225,0.2753
2024T000000056,KS,SACA,HG,2024-06-12T04:56:01.918430Z,2024-06-12T04:56:15.627743Z,add,35.4131,127.8789,181.3,,,D,1.0,0.0
2024T000000056,KS,SAJB,HH,2024-06-12T04:56:08.117314Z,2024-06-12T04:56:27.048911Z,add,36.4079,128.1575,155.0,,,D,1.0,0.0
2024T000000056,KS,SCHA,HG,2024-06-12T04:55:59.591245Z,2024-06-12T04:56:11.610645Z,add,35.0199,127.3692,195.0,,,D,0.7013,0.1011
2024T000000056,KS,SECA,HG,2024-06-12T04:55:51.654989Z,2024-06-12T04:55:57.910939Z,add,36.142,126.7519,56.0,,,U,0.9998,0.0002
2024T000000056,KS,SEJA,HG,2024-06-12T04:56:06.435158Z,2024-06-12T04:56:23.628423Z,add,35.947423,128.21703,59.0,,,D,1.0,0.0
2024T000000056,KS,SENA,HG,2024-06-12T04:55:46.529380Z,2024-06-12T04:55:48.889090Z,original,35.538485,126.742386,31.0,2024-06-12T04:55:46.529380Z,2024-06-12T04:55:48.889090Z,D,1.0,1e-04
2024T000000056,KS,SEO3,HH,2024-06-12T04:56:14.207286Z,2024-06-12T04:56:38.002421Z,add,37.4939,126.917,113.0,,,U,1.0,0.0
2024T000000056,KS,SESA,HG,2024-06-12T04:56:21.485190Z,2024-06-12T04:56:51.092050Z,add,37.7196,128.1735,330.0,,,U,0.7299,0.1355
2024T000000056,KS,SGMA,HG,2024-06-12T04:56:19.364336Z,2024-06-12T04:56:47.277674Z,add,37.8282,127.288,308.0,,,U,0.8552,0.1066
2024T000000056,KS,SGNA,HG,2024-06-12T04:56:13.986767Z,2024-06-12T04:56:37.605797Z,add,37.4461,127.1832,225.0,,,D,0.9021,0.078
2024T000000056,KS,SGP2,HH,2024-06-12T04:56:23.133407Z,2024-06-12T04:56:54.056339Z,add,33.2587,126.4993,239.3,,,D,0.9993,0.0015
2024T000000056,KS,SH2B,HH,2024-06-12T04:56:28.551522Z,2024-06-12T04:57:03.800356Z,add,38.2685,128.2524,432.0,,,U,0.8556,0.1885
2024T000000056,KS,SIJA,HG,2024-06-12T04:55:58.693322Z,2024-06-12T04:56:10.060557Z,add,34.8954483,126.588043,59.0,,,U,1.0,0.0
2024T000000056,KS,SKBA,HG,2024-06-12T04:56:18.962932Z,2024-06-12T04:56:46.555737Z,add,36.521,129.1791,320.0,,,D,0.9899,0.0197
2024T000000056,KS,SKC2,EL,2024-06-12T04:56:30.164464Z,2024-06-12T04:57:06.700962Z,add,38.2898,128.5219,70.0,,,D,1.0,0.0
2024T000000056,KS,SLSA,HG,2024-06-12T04:56:11.050801Z,2024-06-12T04:56:32.325160Z,add,37.1349,127.5196,137.0,,,U,0.5119,0.1217
2024T000000056,KS,SMWA,HG,2024-06-12T04:55:47.588354Z,2024-06-12T04:55:50.677105Z,original,35.5259,126.5522,74.0,2024-06-12T04:55:47.588354Z,2024-06-12T04:55:50.677105Z,D,1.0,0.0
2024T000000056,KS,SNDA,HG,2024-06-12T04:56:19.266452Z,2024-06-12T04:56:47.101626Z,add,37.2617,128.5956,311.0,,,U,0.6762,0.1769
2024T000000056,KS,SNGB,HH,2024-06-12T04:56:24.000306Z,2024-06-12T04:56:55.615423Z,add,37.3465,129.0865,124.0,,,D,0.8837,0.1487
2024T000000056,KS,SNNA,HG,2024-06-12T04:56:12.103802Z,2024-06-12T04:56:34.219099Z,add,36.0502,128.7111,305.0,,,D,0.9802,0.0339
2024T000000056,KS,SNWA,HG,2024-06-12T04:56:22.746679Z,2024-06-12T04:56:53.360820Z,add,33.279813,126.705114,0.036,,,U,0.9975,0.0067
2024T000000056,KS,SODA,HG,2024-06-12T04:56:15.319468Z,2024-06-12T04:56:40.002769Z,add,37.5714,126.9661,132.0,,,D,0.6505,0.17
2024T000000056,KS,SUBA,HG,2024-06-12T04:56:20.886095Z,2024-06-12T04:56:50.014578Z,add,36.7826,129.2211,428.0,,,D,0.9933,0.0062
2024T000000056,KS,SUCA,HG,2024-06-12T04:55:52.172238Z,2024-06-12T04:55:58.803755Z,add,35.373621,127.138635,91.0,,,U,1.0,0.0
2024T000000056,KS,SWO2,EL,2024-06-12T04:56:11.371112Z,2024-06-12T04:56:32.901275Z,add,37.2808,126.9824,132.0,,,D,0.9939,0.0111
2024T000000056,KS,TAHA,HG,2024-06-12T04:56:41.003201Z,2024-06-12T04:57:26.191029Z,add,37.515,130.8118,214.0,,,D,0.5639,0.249
2024T000000056,KS,TAIA,HG,2024-06-12T04:55:46.791170Z,2024-06-12T04:55:49.369154Z,original,35.6507,126.9318,50.0,2024-06-12T04:55:46.791170Z,2024-06-12T04:55:49.369154Z,D,1.0,0.0
2024T000000056,KS,TANB,HH,2024-06-12T04:56:03.841504Z,2024-06-12T04:56:18.947356Z,add,36.6731,126.1353,50.0,,,U,0.9973,0.0045
2024T000000056,KS,TBA2,EL,2024-06-12T04:56:20.918395Z,2024-06-12T04:56:50.072670Z,add,37.1224,128.9523,839.0,,,D,0.9999,1e-04
2024T000000056,KS,TEJ2,HG,2024-06-12T04:55:59.424921Z,2024-06-12T04:56:11.323513Z,add,36.37249,127.371137,103.6,,,D,1.0,0.0
2024T000000056,KS,TOHA,HG,2024-06-12T04:56:25.764275Z,2024-06-12T04:56:58.787798Z,add,37.507,129.1238,89.6,,,D,0.762,0.2951
2024T000000056,KS,UDO,HH,2024-06-12T04:56:19.517528Z,2024-06-12T04:56:47.553193Z,add,33.5227,126.9538,6.0,,,D,0.9985,0.0028
2024T000000056,KS,UJBA,HG,2024-06-12T04:56:18.015551Z,2024-06-12T04:56:44.851837Z,add,37.7548,127.1063,118.2,,,D,0.6491,0.2777
2024T000000056,KS,UJNA,HG,2024-06-12T04:56:24.131826Z,2024-06-12T04:56:55.851956Z,add,36.9926,129.4135,103.0,,,U,0.97,0.0206
2024T000000056,KS,ULDR,HH,2024-06-12T04:56:41.631699Z,2024-06-12T04:57:27.321081Z,add,37.4809,130.8987,269.0,,,D,0.8678,0.165
2024T000000056,KS,UNCA,HG,2024-06-12T04:56:17.757245Z,2024-06-12T04:56:44.387261Z,add,35.4695,129.2395,79.0,,,U,0.9975,0.008
2024T000000056,KS,USN2,EL,2024-06-12T04:56:16.238535Z,2024-06-12T04:56:41.655777Z,add,35.7024,129.1232,250.0,,,U,0.5521,0.1753
2024T000000056,KS,WAJB,HH,2024-06-12T04:55:53.096337Z,2024-06-12T04:56:00.399056Z,add,35.937821,127.293127,185.0,,,D,1.0,0.0
2024T000000056,KS,WAN2,EL,2024-06-12T04:56:07.397959Z,2024-06-12T04:56:25.697550Z,add,34.3959,126.7019,77.0,,,U,0.9993,0.0012
2024T000000056,KS,WICA,HG,2024-06-12T04:55:59.872945Z,2024-06-12T04:56:12.096872Z,add,35.7312,127.8015,499.0,,,D,1.0,0.0
2024T000000056,KS,WNBA,HG,2024-06-12T04:56:05.651542Z,2024-06-12T04:56:22.149152Z,add,36.8238,126.2572,67.0,,,U,0.7871,0.096
2024T000000056,KS,YAGA,HG,2024-06-12T04:56:15.543951Z,2024-06-12T04:56:40.406520Z,add,37.407,127.7569,150.0,,,U,0.9615,0.0252
2024T000000056,KS,YALB,HH,2024-06-12T04:56:05.786714Z,2024-06-12T04:56:22.383450Z,add,35.7279,128.1934,418.0,,,D,1.0,0.0
2024T000000056,KS,YAYA,HG,2024-06-12T04:56:28.886803Z,2024-06-12T04:57:04.403313Z,add,38.1438,128.6025,69.0,,,D,0.7472,0.0842
2024T000000056,KS,YAYB,HH,2024-06-12T04:56:28.210749Z,2024-06-12T04:57:03.187520Z,add,38.0255,128.716,48.0,,,D,0.7078,0.1694
2024T000000056,KS,YC2B,HH,2024-06-12T04:56:21.699729Z,2024-06-12T04:56:51.477898Z,add,38.0398,126.9257,85.0,,,U,0.8028,0.1691
2024T000000056,KS,YCHB,HH,2024-06-12T04:56:12.304252Z,2024-06-12T04:56:34.579629Z,add,36.6222,128.4373,161.0,,,D,0.5853,0.3595
2024T000000056,KS,YDGA,HG,2024-06-12T04:56:01.325876Z,2024-06-12T04:56:14.604891Z,add,36.0925,127.7943,0.369,,,U,0.9937,0.0156
2024T000000056,KS,YEAB,HH,2024-06-12T04:56:16.851005Z,2024-06-12T04:56:42.757342Z,add,36.6611,128.8872,275.0,,,D,0.6247,0.2291
2024T000000056,KS,YEGA,HG,2024-06-12T04:55:52.050762Z,2024-06-12T04:55:58.594022Z,add,35.2837,126.4776,86.0,,,D,1.0,0.0
2024T000000056,KS,YESA,HG,2024-06-12T04:56:06.914965Z,2024-06-12T04:56:24.659561Z,add,34.7395,127.7405,116.0,,,D,1.0,1e-04
2024T000000056,KS,YEYB,HH,2024-06-12T04:56:18.609481Z,2024-06-12T04:56:45.920044Z,add,36.6251,129.088,267.0,,,U,0.9999,1e-04
2024T000000056,KS,YGAA,HG,2024-06-12T04:56:07.881107Z,2024-06-12T04:56:26.624061Z,add,35.8532,128.3657,80.0,,,D,1.0,0.0
2024T000000056,KS,YGBA,HG,2024-06-12T04:56:19.190163Z,2024-06-12T04:56:46.964419Z,add,35.79543,129.3865,141.0,,,D,0.5358,0.2583
2024T000000056,KS,YGGA,HG,2024-06-12T04:56:25.217261Z,2024-06-12T04:56:57.804043Z,add,38.0979,127.9852,223.0,,,U,0.7008,0.1412
2024T000000056,KS,YJD3,HG,2024-06-12T04:56:14.262086Z,2024-06-12T04:56:38.100982Z,add,37.499,126.5493,98.0,,,D,0.6223,0.179
2024T000000056,KS,YKDB,HH,2024-06-12T04:56:12.323451Z,2024-06-12T04:56:34.614161Z,add,34.6223,128.2734,122.0,,,D,1.0,0.0
2024T000000056,KS,YNDB,HH,2024-06-12T04:56:10.690130Z,2024-06-12T04:56:31.676450Z,add,34.4323,127.8011,62.0,,,D,1.0,0.0
2024T000000056,KS,YOA,EL,2024-06-12T04:56:01.025831Z,2024-06-12T04:56:14.086971Z,add,34.7655,126.7379,154.0,,,D,0.9993,0.0029
2024T000000056,KS,YOCB,HH,2024-06-12T04:56:14.563189Z,2024-06-12T04:56:38.642542Z,add,35.9771,128.9511,143.0,,,D,0.7578,0.2444
2024T000000056,KS,YODB,HH,2024-06-12T04:56:21.402132Z,2024-06-12T04:56:50.942672Z,add,36.5333,129.4096,88.0,,,U,0.8887,0.1621
2024T000000056,KS,YOGA,HG,2024-06-12T04:56:22.926360Z,2024-06-12T04:56:53.683971Z,add,38.0942,127.2765,200.0,,,U,0.5656,0.1466
2024T000000056,KS,YOJA,HG,2024-06-12T04:56:11.367199Z,2024-06-12T04:56:32.894238Z,add,35.022225,128.492818,58.0,,,D,0.6617,0.1073
2024T000000056,KS,YOJB,HH,2024-06-12T04:56:15.027516Z,2024-06-12T04:56:39.477671Z,add,36.872,128.5166,252.0,,,D,0.9364,0.0791
2024T000000056,KS,YOW2,EL,2024-06-12T04:56:17.414092Z,2024-06-12T04:56:43.770085Z,add,37.1812,128.4569,287.0,,,D,0.6735,0.2232
2024T000000056,KS,YPDB,HH,2024-06-12T04:56:17.974470Z,2024-06-12T04:56:44.777950Z,add,37.608,125.71,97.0,,,D,0.9183,0.1057
2024T000000056,KS,YSAB,HH,2024-06-12T04:56:03.103001Z,2024-06-12T04:56:17.672569Z,add,36.742,126.8156,85.0,,,D,0.998,0.0064
2024T000000056,KS,YSDA,HG,2024-06-12T04:56:13.128773Z,2024-06-12T04:56:36.062615Z,add,33.9866,126.9205,57.0,,,U,0.8655,0.0614
2024T000000056,KS,YUGA,HG,2024-06-12T04:55:59.573268Z,2024-06-12T04:56:11.579611Z,add,36.5406,126.9473,95.0,,,U,0.9905,0.0062
