event_id,mech_number,strike,dip,rake,norm_N,norm_E,norm_Z,norm_aux_N,norm_aux_E,norm_aux_Z
D20160420001172,0,264.9,29.0,-90.0,-0.4829,0.0435,0.8746,-0.8711,0.0784,-0.4848
D20160420001172,1,264.9,36.0,-90.0,-0.5855,0.0522,0.809,-0.8058,0.0718,-0.5878
D20160420001172,2,92.5,52.0,-91.0,0.7872,0.0349,0.6157,0.6142,0.0447,-0.7879
D20160420001172,3,74.2,44.0,-95.0,0.6683,-0.1896,0.7193,0.7132,-0.1118,-0.692
D20160420001172,4,263.7,46.0,-90.0,-0.7151,0.0784,0.6947,-0.6905,0.0757,-0.7193
D20160420001172,5,256.5,39.0,-99.0,-0.612,0.1467,0.7771,-0.7829,0.0268,-0.6216
D20160420001172,6,266.3,33.0,-91.0,-0.5435,0.0349,0.8387,-0.8379,0.0363,-0.5446
D20160420001172,7,90.0,50.0,-92.0,0.766,0.0,0.6428,0.6424,0.0349,-0.7656
D20160420001172,8,90.0,50.0,-94.0,0.766,0.0,0.6428,0.6412,0.0698,-0.7642
D20160420001172,9,84.0,57.0,-95.0,0.8341,-0.0871,0.5446,0.5487,0.0303,-0.8355
D20160420001172,10,251.0,43.0,-101.0,-0.6447,0.2223,0.7314,-0.7409,0.0536,-0.6695
D20160420001172,11,94.2,46.0,-95.0,0.7174,0.0523,0.6947,0.6838,0.1372,-0.7166
D20160420001172,12,69.0,54.0,-96.0,0.7551,-0.2903,0.5878,0.5831,-0.1122,-0.8046
D20160420001172,13,272.8,32.0,-95.0,-0.5293,-0.0261,0.848,-0.8395,-0.1287,-0.5279
D20160420001172,14,271.8,33.0,-93.0,-0.5444,-0.0175,0.8387,-0.8354,-0.0792,-0.5439
D20160420001172,15,261.0,46.0,-91.0,-0.7104,0.113,0.6947,-0.6887,0.0918,-0.7192
D20160420001172,16,80.7,49.0,-94.0,0.7449,-0.1215,0.6561,0.6572,-0.0365,-0.7529
D20160420001172,17,265.1,31.0,-92.0,-0.5132,0.0437,0.8572,-0.8565,0.0379,-0.5147
D20160420001172,18,251.0,43.0,-100.0,-0.6447,0.2223,0.7314,-0.7375,0.0706,-0.6716
D20160420001172,19,260.1,34.0,-90.0,-0.5509,0.0957,0.829,-0.8168,0.1418,-0.5592
D20160420001172,20,78.3,43.0,-97.0,0.6678,-0.1384,0.7314,0.7355,-0.028,-0.6769
D20160420001172,21,259.6,50.0,-96.0,-0.7534,0.1387,0.6428,-0.6476,0.013,-0.7618
D20160420001172,22,76.3,47.0,-93.0,0.7106,-0.1731,0.682,0.6741,-0.1103,-0.7304
D20160420001172,23,81.7,57.0,-92.0,0.8298,-0.1217,0.5446,0.5436,-0.0445,-0.8382
D20160420001172,24,85.1,54.0,-95.0,0.806,-0.0698,0.5878,0.5909,0.0363,-0.8059
D20160420001172,25,255.4,46.0,-101.0,-0.6961,0.1813,0.6947,-0.708,-0.0128,-0.7061
D20160420001172,26,256.0,35.0,-94.0,-0.5566,0.1386,0.8192,-0.8098,0.1297,-0.5722
D20160420001172,27,267.4,49.0,-91.0,-0.7539,0.0349,0.6561,-0.6561,0.0129,-0.7546
D20160420001172,28,76.8,43.0,-99.0,0.6641,-0.1554,0.7314,0.739,-0.0123,-0.6736
D20160420001172,29,75.7,50.0,-95.0,0.7422,-0.1898,0.6428,0.642,-0.0742,-0.7631
D20160420001172,30,87.6,56.0,-92.0,0.8283,-0.0349,0.5592,0.5598,0.0113,-0.8285
D20160420001172,31,64.6,52.0,-96.0,0.7121,-0.3374,0.6157,0.5981,-0.1677,-0.7837
D20160420001172,32,263.0,40.0,-92.0,-0.638,0.0785,0.766,-0.7641,0.0588,-0.6424
D20160420001172,33,266.3,33.0,-92.0,-0.5435,0.0349,0.8387,-0.8387,0.0189,-0.5443
D20160420001172,34,74.6,51.0,-97.0,0.7491,-0.2067,0.6293,0.6345,-0.0487,-0.7714
D20160420001172,35,82.4,41.0,-91.0,0.6503,-0.0871,0.7547,0.7502,-0.0829,-0.656
D20160420001172,36,81.9,48.0,-90.0,0.7358,-0.1042,0.6691,0.6625,-0.0938,-0.7431
D20160420001172,37,92.5,52.0,-95.0,0.7872,0.0349,0.6157,0.6089,0.1142,-0.785
D20160420001172,38,81.9,60.0,-92.0,0.8574,-0.1217,0.5,0.4996,-0.0357,-0.8655
D20160420001172,39,72.1,42.0,-99.0,0.6367,-0.2059,0.7431,0.7465,-0.0771,-0.6609
D20160420001172,40,247.4,40.0,-105.0,-0.5934,0.247,0.766,-0.7826,0.0454,-0.6209
D20160420001172,41,88.8,59.0,-90.0,0.857,-0.0174,0.515,0.5149,-0.0105,-0.8572
D20160420001172,42,96.4,51.0,-94.0,0.7723,0.087,0.6293,0.616,0.1396,-0.7753
D20160420001172,43,90.0,52.0,-94.0,0.788,0.0,0.6157,0.6142,0.0698,-0.7861
D20160420001172,44,262.1,49.0,-95.0,-0.7475,0.1043,0.6561,-0.6593,0.004,-0.7518
D20160420001172,45,265.5,34.0,-91.0,-0.5575,0.0437,0.829,-0.8277,0.0473,-0.5591
D20160420001172,46,80.6,48.0,-91.0,0.7332,-0.1214,0.6691,0.6629,-0.0921,-0.743
D20160420001172,47,93.6,56.0,-92.0,0.8274,0.0524,0.5592,0.5555,0.0702,-0.8285
D20160420001172,48,272.3,40.0,-94.0,-0.6423,-0.0262,0.766,-0.7607,-0.1009,-0.6412
D20160420001172,49,259.9,44.0,-98.0,-0.6839,0.1216,0.7193,-0.7257,-0.0123,-0.6879
D20160420001172,50,69.7,52.0,-100.0,0.7392,-0.2732,0.6157,0.6289,-0.0473,-0.776
D20160420001172,51,250.9,45.0,-106.0,-0.6683,0.2309,0.7071,-0.7325,-0.0386,-0.6797
D20160420001172,52,275.6,39.0,-93.0,-0.6264,-0.0609,0.7771,-0.7674,-0.1272,-0.6285
D20160420001172,53,277.0,40.0,-91.0,-0.638,-0.0785,0.766,-0.7581,-0.1108,-0.6427
D20160420001172,54,276.7,42.0,-90.0,-0.6645,-0.0783,0.7431,-0.738,-0.087,-0.6691
D20160420001172,55,269.2,37.0,-92.0,-0.6018,0.0087,0.7986,-0.7986,-0.0233,-0.6014
D20160420001172,56,263.6,45.0,-95.0,-0.7028,0.0782,0.7071,-0.7097,-0.0087,-0.7044
D20160420001172,57,77.9,56.0,-96.0,0.8107,-0.1735,0.5592,0.5657,-0.0142,-0.8245
D20160420001172,58,86.4,56.0,-93.0,0.8274,-0.0524,0.5592,0.5606,0.0169,-0.8279
D20160420001172,59,251.2,34.0,-102.0,-0.5293,0.1803,0.829,-0.8347,0.0646,-0.547
D20160420001172,60,82.8,56.0,-97.0,0.8224,-0.1046,0.5592,0.566,0.0509,-0.8229
D20160420001172,61,75.9,45.0,-99.0,0.6858,-0.1725,0.7071,0.7155,-0.0186,-0.6984
D20160420001172,62,91.4,46.0,-94.0,0.7191,0.0174,0.6947,0.6911,0.0865,-0.7176
D20160420001172,63,73.2,41.0,-100.0,0.6281,-0.1894,0.7547,0.7617,-0.0483,-0.6461
D20160420001172,64,77.3,60.0,-97.0,0.8449,-0.1903,0.5,0.5109,0.0099,-0.8596
D20160420001172,65,64.6,45.0,-100.0,0.6387,-0.3034,0.7071,0.7035,-0.142,-0.6964
D20160420001172,66,266.1,40.0,-92.0,-0.6413,0.0437,0.766,-0.7662,0.0172,-0.6424
D20160420001172,67,254.3,35.0,-98.0,-0.5521,0.1555,0.8192,-0.8185,0.0859,-0.568
D20160420001172,68,73.5,58.0,-96.0,0.813,-0.2412,0.5299,0.535,-0.0497,-0.8434
D20160420001172,69,265.5,34.0,-96.0,-0.5575,0.0437,0.829,-0.8301,-0.0398,-0.5561
D20160420001172,70,73.1,45.0,-98.0,0.6764,-0.206,0.7071,0.7104,-0.0709,-0.7002
D20160420001172,71,251.0,43.0,-104.0,-0.6447,0.2223,0.7314,-0.7497,0.0026,-0.6617
D20160420001172,72,76.0,40.0,-93.0,0.6236,-0.1558,0.766,0.7549,-0.1346,-0.6419
D20160420001172,73,92.4,57.0,-91.0,0.8379,0.0349,0.5446,0.5434,0.0401,-0.8385
D20160420001172,74,79.9,44.0,-90.0,0.6839,-0.1216,0.7193,0.7082,-0.1259,-0.6947
D20160420001172,75,92.4,58.0,-90.0,0.8473,0.0349,0.5299,0.5295,0.0218,-0.848
D20160420001172,76,270.0,33.0,-91.0,-0.5446,-0.0,0.8387,-0.8385,-0.0175,-0.5446
D20160420001172,77,63.4,52.0,-97.0,0.7045,-0.3531,0.6157,0.6009,-0.1648,-0.7821
D20160420001172,78,74.8,52.0,-94.0,0.7604,-0.2068,0.6157,0.6109,-0.0938,-0.7861
D20160420001172,79,65.3,54.0,-98.0,0.7347,-0.3386,0.5878,0.5869,-0.1172,-0.8011
D20160420001172,80,258.1,36.0,-96.0,-0.5752,0.1211,0.809,-0.8089,0.0634,-0.5846
D20160420001172,81,271.0,31.0,-98.0,-0.515,-0.0087,0.8572,-0.8463,-0.1536,-0.51
D20160420001172,82,262.2,50.0,-92.0,-0.7589,0.1043,0.6428,-0.6412,0.0529,-0.7656
D20160420001172,83,79.0,55.0,-93.0,0.8041,-0.1561,0.5736,0.5723,-0.0577,-0.818
D20160420001172,84,77.9,48.0,-96.0,0.7267,-0.1556,0.6691,0.6726,-0.0372,-0.7391
D20160420001172,85,262.3,51.0,-90.0,-0.7701,0.1043,0.6293,-0.6236,0.0845,-0.7771
D20160420001172,86,82.1,62.0,-93.0,0.8745,-0.1217,0.4695,0.4716,-0.0128,-0.8817
D20160420001172,87,65.8,56.0,-96.0,0.7564,-0.3393,0.5592,0.5502,-0.1323,-0.8245
D20160420001172,88,270.8,39.0,-91.0,-0.6293,-0.0087,0.7771,-0.7767,-0.0282,-0.6292
D20160420001172,89,265.4,41.0,-93.0,-0.654,0.0523,0.7547,-0.7554,0.008,-0.6552
D20160420001172,90,264.8,42.0,-94.0,-0.6663,0.061,0.7431,-0.7446,-0.0019,-0.6675
D20160420001172,91,87.2,45.0,-91.0,0.7062,-0.0348,0.7071,0.707,-0.0174,-0.707
D20160420001172,92,77.7,47.0,-96.0,0.7145,-0.156,0.682,0.6849,-0.0426,-0.7273
D20160420001172,93,85.1,54.0,-94.0,0.806,-0.0698,0.5878,0.5902,0.0189,-0.807
D20160420001172,94,73.9,43.0,-99.0,0.6553,-0.1891,0.7314,0.7374,-0.05,-0.6736
D20160420001172,95,82.6,54.0,-94.0,0.8022,-0.1045,0.5878,0.5905,-0.0066,-0.807
D20160420001172,96,269.2,40.0,-94.0,-0.6427,0.0087,0.766,-0.7651,-0.0594,-0.6412
D20160420001172,97,76.8,43.0,-96.0,0.6641,-0.1554,0.7314,0.732,-0.0639,-0.6783
D20160420001172,98,269.3,46.0,-92.0,-0.7193,0.0087,0.6947,-0.6946,-0.0265,-0.7189
D20160420001172,99,82.8,44.0,-93.0,0.6892,-0.0871,0.7193,0.7192,-0.0381,-0.6937
D20160420001172,100,88.4,40.0,-90.0,0.6425,-0.0175,0.766,0.7658,-0.0208,-0.6428
D20160420001172,101,248.9,38.0,-105.0,-0.5745,0.2214,0.788,-0.8033,0.0323,-0.5947
D20160420001172,102,255.9,37.0,-98.0,-0.5837,0.1466,0.7986,-0.8009,0.0577,-0.596
D20160420001172,103,259.7,47.0,-99.0,-0.7196,0.1303,0.682,-0.6907,-0.0339,-0.7223
D20160420001172,104,73.8,53.0,-95.0,0.7667,-0.2235,0.6018,0.6,-0.0841,-0.7956
D20160420001172,105,270.9,32.0,-100.0,-0.5298,-0.0087,0.848,-0.8322,-0.1874,-0.5219
D20160420001172,106,265.1,46.0,-93.0,-0.7167,0.061,0.6947,-0.6956,0.0067,-0.7184
D20160420001172,107,70.2,45.0,-103.0,0.6655,-0.2391,0.7071,0.7245,-0.0213,-0.689
D20160420001172,108,80.6,58.0,-95.0,0.8366,-0.1391,0.5299,0.535,-0.0006,-0.8448
D20160420001172,109,86.1,51.0,-93.0,0.7754,-0.0523,0.6293,0.6306,0.0099,-0.7761
D20160420001172,110,80.3,46.0,-91.0,0.709,-0.1216,0.6947,0.6875,-0.1002,-0.7192
D20160420001172,111,68.3,56.0,-96.0,0.77,-0.3071,0.5592,0.5553,-0.1089,-0.8245
D20160420001172,112,73.9,48.0,-95.0,0.7139,-0.2063,0.6691,0.6646,-0.1013,-0.7403
D20160420001172,113,82.6,54.0,-97.0,0.8022,-0.1045,0.5878,0.5943,0.0455,-0.803
D20160420001172,114,262.5,37.0,-94.0,-0.5967,0.0782,0.7986,-0.799,0.0343,-0.6003
D20160420001172,115,251.8,39.0,-100.0,-0.5977,0.197,0.7771,-0.7812,0.0746,-0.6198
D20160420001172,116,87.4,50.0,-97.0,0.7653,-0.0349,0.6428,0.6429,0.0927,-0.7603
D20160420001172,117,263.2,36.0,-95.0,-0.5837,0.0695,0.809,-0.8106,0.0088,-0.5855
D20160420001172,118,254.3,35.0,-99.0,-0.5521,0.1555,0.8192,-0.8212,0.0687,-0.5665
D20160420001172,119,277.0,40.0,-90.0,-0.638,-0.0785,0.766,-0.7603,-0.0935,-0.6428
D20160420001172,120,264.0,30.0,-94.0,-0.4973,0.0523,0.866,-0.8665,0.0209,-0.4988
D20160420001172,121,75.4,43.0,-100.0,0.6599,-0.1723,0.7314,0.7407,-0.014,-0.6716
D20160420001172,122,267.2,32.0,-92.0,-0.5293,0.0261,0.848,-0.8482,0.0069,-0.5296
D20160420001172,123,83.5,50.0,-98.0,0.7611,-0.087,0.6428,0.6482,0.066,-0.7586
D20160420001172,124,87.6,57.0,-91.0,0.8379,-0.0349,0.5446,0.5448,-0.0052,-0.8385
D20160420001172,125,78.9,39.0,-96.0,0.6175,-0.1212,0.7771,0.7786,-0.0462,-0.6259
D20160420001172,126,250.5,38.0,-109.0,-0.5805,0.2051,0.788,-0.811,-0.0588,-0.5821
D20160420001172,127,71.7,41.0,-102.0,0.6229,-0.2061,0.7547,0.7662,-0.0345,-0.6417
D20160420001172,128,63.4,56.0,-99.0,0.7414,-0.3709,0.5592,0.5639,-0.1072,-0.8188
D20160420001172,129,263.4,49.0,-91.0,-0.7497,0.087,0.6561,-0.6536,0.0583,-0.7546
D20160420001172,130,252.6,37.0,-102.0,-0.5742,0.1802,0.7986,-0.8076,0.0355,-0.5887
D20160420001172,131,92.6,50.0,-91.0,0.7653,0.0349,0.6428,0.6412,0.0467,-0.7659
D20160420001172,132,252.4,43.0,-102.0,-0.6502,0.2058,0.7314,-0.7448,0.0176,-0.6671
D20160420001172,133,253.9,43.0,-102.0,-0.6553,0.1891,0.7314,-0.745,-0.0014,-0.6671
D20160420001172,134,71.6,45.0,-101.0,0.6711,-0.2226,0.7071,0.7189,-0.0375,-0.6941
D20160420001172,135,249.3,37.0,-104.0,-0.5628,0.2131,0.7986,-0.8104,0.0481,-0.5839
D20160420001172,136,73.6,47.0,-99.0,0.7015,-0.2068,0.682,0.6903,-0.0404,-0.7223
D20160420001172,137,85.1,54.0,-92.0,0.806,-0.0698,0.5878,0.5882,-0.0159,-0.8085
D20160420001172,138,76.3,47.0,-98.0,0.7106,-0.1731,0.682,0.6891,-0.0246,-0.7242
D20160420001172,139,81.7,46.0,-92.0,0.7117,-0.1043,0.6947,0.692,-0.0662,-0.7189
D20160420001172,140,249.3,37.0,-107.0,-0.5628,0.2131,0.7986,-0.8178,-0.003,-0.5755
D20160420001172,141,92.3,60.0,-90.0,0.8653,0.0349,0.5,0.4996,0.0201,-0.866
D20160420001172,142,71.0,43.0,-102.0,0.6447,-0.2223,0.7314,0.7441,-0.0366,-0.6671
D20160420001172,143,273.4,36.0,-96.0,-0.5868,-0.0348,0.809,-0.797,-0.152,-0.5846
D20160420001172,144,94.1,47.0,-91.0,0.7295,0.0524,0.682,0.6789,0.0662,-0.7312
D20160420001172,145,252.1,40.0,-103.0,-0.6116,0.1978,0.766,-0.7794,0.0157,-0.6263
D20160420001172,146,266.5,45.0,-90.0,-0.7058,0.0435,0.7071,-0.7058,0.0435,-0.7071
D20160420001172,147,78.5,44.0,-96.0,0.6807,-0.1387,0.7193,0.7219,-0.0404,-0.6909
D20160420001172,148,85.3,58.0,-91.0,0.8452,-0.0698,0.5299,0.5295,-0.0262,-0.8479
D20160420001172,149,259.8,36.0,-92.0,-0.5785,0.104,0.809,-0.8019,0.1087,-0.5874
D20160420001172,150,270.0,38.0,-91.0,-0.6157,-0.0,0.788,-0.7879,-0.0175,-0.6156
D20160420001172,151,73.2,41.0,-101.0,0.6281,-0.1894,0.7547,0.7644,-0.0312,-0.644
D20160420001172,152,77.9,48.0,-95.0,0.7267,-0.1556,0.6691,0.6701,-0.0544,-0.7403
D20160420001172,153,259.8,36.0,-95.0,-0.5785,0.104,0.809,-0.8086,0.0568,-0.5855
D20160420001172,154,262.1,49.0,-92.0,-0.7475,0.1043,0.6561,-0.6542,0.056,-0.7542
D20160420001172,155,69.9,48.0,-101.0,0.6977,-0.256,0.6691,0.6824,-0.0471,-0.7295
D20160420001172,156,73.8,53.0,-98.0,0.7667,-0.2235,0.6018,0.6111,-0.0332,-0.7909
D20160420001172,157,249.0,40.0,-103.0,-0.5999,0.2308,0.766,-0.7774,0.058,-0.6263
D20160420001172,158,250.9,45.0,-100.0,-0.6683,0.2309,0.7071,-0.7149,0.0633,-0.6964
D20160420001172,159,258.3,43.0,-98.0,-0.6678,0.1384,0.7314,-0.7374,0.0107,-0.6754
D20160420001172,160,273.2,38.0,-90.0,-0.6147,-0.0348,0.788,-0.7867,-0.0446,-0.6157
D20160420001172,161,269.1,32.0,-92.0,-0.5298,0.0087,0.848,-0.848,-0.021,-0.5296
D20160420001172,162,81.5,56.0,-94.0,0.82,-0.1219,0.5592,0.562,-0.013,-0.827
D20160420001172,163,245.5,44.0,-108.0,-0.6322,0.2878,0.7193,-0.7507,0.0022,-0.6607
D20160420001172,164,273.4,36.0,-97.0,-0.5868,-0.0348,0.809,-0.7944,-0.1692,-0.5834
D20160420001172,165,72.3,58.0,-98.0,0.8079,-0.2579,0.5299,0.5422,-0.027,-0.8398
D20160420001172,166,72.4,43.0,-100.0,0.6502,-0.2058,0.7314,0.7391,-0.0518,-0.6716
D20160420001172,167,263.2,36.0,-98.0,-0.5837,0.0695,0.809,-0.812,-0.0434,-0.5821
D20160420001172,168,62.2,56.0,-98.0,0.7335,-0.3865,0.5592,0.5548,-0.135,-0.821
D20160420001172,169,256.0,35.0,-95.0,-0.5566,0.1386,0.8192,-0.8129,0.1126,-0.5714
D20160420001172,170,264.2,37.0,-95.0,-0.5987,0.0609,0.7986,-0.8003,-0.0062,-0.5995
D20160420001172,171,263.7,34.0,-94.0,-0.5558,0.0611,0.829,-0.8297,0.021,-0.5578
D20160420001172,172,252.1,40.0,-107.0,-0.6116,0.1978,0.766,-0.787,-0.0528,-0.6147
D20160420001172,173,268.3,36.0,-91.0,-0.5875,0.0174,0.809,-0.8091,0.0065,-0.5877
D20160420001172,174,84.9,52.0,-98.0,0.7849,-0.0696,0.6157,0.6196,0.0847,-0.7803
D20160420001172,175,71.3,44.0,-97.0,0.6579,-0.2229,0.7193,0.7153,-0.1137,-0.6895
D20160420001172,176,263.3,42.0,-96.0,-0.6645,0.0783,0.7431,-0.7462,-0.0173,-0.6655
D20160420001172,177,68.4,44.0,-101.0,0.6459,-0.2557,0.7193,0.7268,-0.0825,-0.6819
D20160420001172,178,81.3,53.0,-93.0,0.7893,-0.1215,0.6018,0.602,-0.0397,-0.7975
D20160420001172,179,81.7,57.0,-98.0,0.8298,-0.1217,0.5446,0.5538,0.0594,-0.8305
D20160420001172,180,253.3,39.0,-102.0,-0.6029,0.1803,0.7771,-0.7879,0.0186,-0.6156
D20160420001172,181,91.3,50.0,-90.0,0.7658,0.0174,0.6428,0.6426,0.0146,-0.766
D20160420001172,182,86.4,56.0,-91.0,0.8274,-0.0524,0.5592,0.5591,-0.0179,-0.8289
D20160420001172,183,250.5,40.0,-104.0,-0.606,0.2144,0.766,-0.7814,0.0198,-0.6237
D20160420001172,184,69.3,55.0,-94.0,0.766,-0.2902,0.5736,0.5598,-0.1374,-0.8172
D20160420001172,185,91.4,45.0,-96.0,0.7069,0.0174,0.7071,0.7004,0.1218,-0.7032
D20160420001172,186,77.3,45.0,-98.0,0.6898,-0.1555,0.7071,0.7137,-0.0182,-0.7002
D20160420001172,187,90.0,48.0,-91.0,0.7431,0.0,0.6691,0.669,0.0175,-0.743
D20160420001172,188,87.5,53.0,-91.0,0.7979,-0.0348,0.6018,0.6019,-0.0088,-0.7985
D20160420001172,189,92.5,52.0,-92.0,0.7872,0.0349,0.6157,0.6131,0.0621,-0.7875
D20160420001172,190,77.0,44.0,-96.0,0.677,-0.1558,0.7193,0.7206,-0.0586,-0.6909
D20160420001172,191,78.2,58.0,-95.0,0.8301,-0.1735,0.5299,0.5346,-0.0227,-0.8448
D20160420001172,192,81.9,48.0,-91.0,0.7358,-0.1042,0.6691,0.6649,-0.0765,-0.743
D20160420001172,193,262.8,44.0,-90.0,-0.6892,0.0871,0.7193,-0.7137,0.0902,-0.6947
D20160420001172,194,94.9,54.0,-90.0,0.806,0.0698,0.5878,0.5856,0.0507,-0.809
D20160420001172,195,263.5,50.0,-90.0,-0.7611,0.087,0.6428,-0.6386,0.073,-0.766
D20160420001172,196,77.0,50.0,-94.0,0.7463,-0.1729,0.6428,0.6404,-0.0768,-0.7642
D20160420001172,197,78.5,60.0,-94.0,0.8485,-0.1732,0.5,0.5027,-0.0314,-0.8639
D20160420001172,198,80.6,58.0,-90.0,0.8366,-0.1391,0.5299,0.5227,-0.0869,-0.848
D20160420001172,199,90.0,55.0,-91.0,0.8192,0.0,0.5736,0.5735,0.0175,-0.819
D20160420001172,200,248.6,41.0,-107.0,-0.611,0.2389,0.7547,-0.7786,-0.0095,-0.6274
D20160420001172,201,269.3,46.0,-93.0,-0.7193,0.0087,0.6947,-0.6943,-0.0439,-0.7184
D20160420001172,202,90.0,46.0,-93.0,0.7193,0.0,0.6947,0.6937,0.0523,-0.7184
D20160420001172,203,266.5,35.0,-92.0,-0.5725,0.035,0.8192,-0.8193,0.0151,-0.5732
D20160420001172,204,75.4,43.0,-99.0,0.6599,-0.1723,0.7314,0.7384,-0.0311,-0.6736
D20160420001172,205,267.9,47.0,-90.0,-0.7309,0.0262,0.682,-0.6816,0.0244,-0.7314
D20160420001172,206,85.1,55.0,-91.0,0.8162,-0.0697,0.5736,0.5729,-0.0314,-0.819
D20160420001172,207,262.8,44.0,-94.0,-0.6892,0.0871,0.7193,-0.7207,0.0207,-0.693
D20160420001172,208,66.9,51.0,-97.0,0.7146,-0.3054,0.6293,0.6223,-0.1334,-0.7714
D20160420001172,209,80.2,55.0,-94.0,0.8073,-0.1389,0.5736,0.5757,-0.0283,-0.8172
D20160420001172,210,88.7,50.0,-94.0,0.7658,-0.0174,0.6428,0.6426,0.0551,-0.7642
D20160420001172,211,71.3,53.0,-98.0,0.7563,-0.2567,0.6018,0.6091,-0.0598,-0.7909
D20160420001172,212,80.9,50.0,-94.0,0.7563,-0.1216,0.6428,0.6442,-0.0329,-0.7642
D20160420001172,213,81.0,51.0,-93.0,0.7676,-0.1216,0.6293,0.6289,-0.0466,-0.7761
D20160420001172,214,259.6,32.0,-94.0,-0.5213,0.0954,0.848,-0.8447,0.0836,-0.5286
D20160420001172,215,62.2,56.0,-99.0,0.7335,-0.3865,0.5592,0.5616,-0.1191,-0.8188
D20160420001172,216,254.0,46.0,-99.0,-0.6915,0.1981,0.6947,-0.7027,0.0386,-0.7105
D20160420001172,217,78.5,44.0,-93.0,0.6807,-0.1387,0.7193,0.7143,-0.0922,-0.6937
D20160420001172,218,258.4,34.0,-93.0,-0.5477,0.1128,0.829,-0.8214,0.1158,-0.5584
D20160420001172,219,87.4,50.0,-91.0,0.7653,-0.0349,0.6428,0.6428,-0.0118,-0.7659
D20160420001172,220,266.5,45.0,-92.0,-0.7058,0.0435,0.7071,-0.7075,0.0087,-0.7067
D20160420001172,221,78.1,49.0,-92.0,0.7385,-0.1558,0.6561,0.6487,-0.1012,-0.7542
D20160420001172,222,92.6,50.0,-94.0,0.7653,0.0349,0.6428,0.6374,0.0989,-0.7642
D20160420001172,223,270.0,38.0,-90.0,-0.6157,-0.0,0.788,-0.788,-0.0,-0.6157
D20160420001172,224,65.0,57.0,-97.0,0.7599,-0.3549,0.5446,0.5414,-0.1183,-0.8324
D20160420001172,225,75.4,55.0,-96.0,0.7925,-0.2071,0.5736,0.5783,-0.0431,-0.8147
D20160420001172,226,67.0,56.0,-98.0,0.7634,-0.3233,0.5592,0.5642,-0.0878,-0.821
D20160420001172,227,70.5,46.0,-98.0,0.6782,-0.2396,0.6947,0.695,-0.0979,-0.7123
D20160420001172,228,271.7,36.0,-93.0,-0.5875,-0.0174,0.809,-0.806,-0.0763,-0.587
D20160420001172,229,64.1,44.0,-100.0,0.6248,-0.3036,0.7193,0.7131,-0.1535,-0.6841
D20160420001172,230,80.8,60.0,-91.0,0.8548,-0.1389,0.5,0.4962,-0.063,-0.8659
D20160420001172,231,253.3,39.0,-103.0,-0.6029,0.1803,0.7771,-0.7899,0.0015,-0.6132
D20160420001172,232,268.6,44.0,-91.0,-0.6944,0.0175,0.7193,-0.7194,0.0006,-0.6946
D20160420001172,233,70.2,41.0,-103.0,0.6172,-0.2226,0.7547,0.7681,-0.0379,-0.6392
D20160420001172,234,90.0,46.0,-94.0,0.7193,0.0,0.6947,0.693,0.0698,-0.7176
D20160420001172,235,88.8,55.0,-93.0,0.819,-0.0174,0.5736,0.5738,0.0401,-0.818
D20160420001172,236,262.8,44.0,-92.0,-0.6892,0.0871,0.7193,-0.7176,0.0555,-0.6942
D20160420001172,237,82.8,44.0,-91.0,0.6892,-0.0871,0.7193,0.7157,-0.0728,-0.6946
D20160420001172,238,78.8,53.0,-94.0,0.7833,-0.1558,0.6018,0.6024,-0.0487,-0.7967
D20160420001172,239,250.2,39.0,-105.0,-0.592,0.2134,0.7771,-0.794,0.0111,-0.6079
D20160420001172,240,80.9,62.0,-93.0,0.8719,-0.139,0.4695,0.4712,-0.0221,-0.8817
D20160420001172,241,255.9,37.0,-97.0,-0.5837,0.1466,0.7986,-0.7985,0.0749,-0.5973
D20160420001172,242,79.3,48.0,-93.0,0.7301,-0.1386,0.6691,0.6663,-0.0732,-0.7421
D20160420001172,243,271.3,48.0,-90.0,-0.7429,-0.0174,0.6691,-0.6689,-0.0157,-0.7431
D20160420001172,244,264.9,29.0,-92.0,-0.4829,0.0435,0.8746,-0.8737,0.0436,-0.4845
D20160420001172,245,264.9,29.0,-94.0,-0.4829,0.0435,0.8746,-0.8752,0.0087,-0.4836
D20160420001172,246,77.3,52.0,-97.0,0.7688,-0.1729,0.6157,0.6229,-0.0152,-0.7821
D20160420001172,247,63.0,51.0,-101.0,0.6924,-0.3528,0.6293,0.6371,-0.1104,-0.7629
D20160420001172,248,78.3,43.0,-98.0,0.6678,-0.1384,0.7314,0.7374,-0.0107,-0.6754
D20160420001172,249,93.9,50.0,-90.0,0.7643,0.0523,0.6428,0.6413,0.0439,-0.766
D20160420001172,250,91.3,50.0,-94.0,0.7658,0.0174,0.6428,0.6395,0.0843,-0.7642
D20160420001172,251,274.9,38.0,-94.0,-0.6134,-0.0522,0.788,-0.7773,-0.1362,-0.6142
D20160420001172,252,76.4,54.0,-95.0,0.7863,-0.1903,0.5878,0.5896,-0.0531,-0.8059
D20160420001172,253,83.5,50.0,-94.0,0.7611,-0.087,0.6428,0.645,-0.0035,-0.7642
D20160420001172,254,66.5,54.0,-97.0,0.7419,-0.3227,0.5878,0.5836,-0.1209,-0.803
D20160420001172,255,257.8,35.0,-97.0,-0.5606,0.1215,0.8192,-0.8204,0.0532,-0.5693
D20160420001172,256,272.7,34.0,-93.0,-0.5586,-0.0262,0.829,-0.8245,-0.0911,-0.5584
D20160420001172,257,65.9,52.0,-99.0,0.7194,-0.3216,0.6157,0.619,-0.1053,-0.7783
D20160420001172,258,251.8,39.0,-105.0,-0.5977,0.197,0.7771,-0.794,-0.0109,-0.6079
D20160420001172,259,251.8,39.0,-104.0,-0.5977,0.197,0.7771,-0.7919,0.0062,-0.6106
D20160420001172,260,272.7,34.0,-90.0,-0.5586,-0.0262,0.829,-0.8281,-0.0389,-0.5592
D20160420001172,261,255.4,43.0,-101.0,-0.6599,0.1723,0.7314,-0.7428,-0.0032,-0.6695
D20160420001172,262,78.2,58.0,-99.0,0.8301,-0.1735,0.5299,0.5443,0.0461,-0.8376
D20160420001172,263,261.2,43.0,-90.0,-0.674,0.1041,0.7314,-0.7228,0.1116,-0.682
D20160420001172,264,269.2,40.0,-93.0,-0.6427,0.0087,0.766,-0.7656,-0.0419,-0.6419
D20160420001172,265,63.9,50.0,-100.0,0.688,-0.3369,0.6428,0.6449,-0.1224,-0.7544
D20160420001172,266,82.2,40.0,-91.0,0.6369,-0.0871,0.766,0.7612,-0.0866,-0.6427
D20160420001172,267,82.4,52.0,-91.0,0.7811,-0.1043,0.6157,0.6125,-0.0642,-0.7879
D20160420001172,268,86.2,52.0,-92.0,0.7863,-0.0523,0.6157,0.6162,-0.006,-0.7875
D20160420001172,269,84.1,43.0,-93.0,0.6784,-0.0696,0.7314,0.7319,-0.0224,-0.6811
D20160420001172,270,79.1,40.0,-97.0,0.6312,-0.1216,0.766,0.7697,-0.0242,-0.638
D20160420001172,271,263.5,38.0,-94.0,-0.6117,0.0696,0.788,-0.7889,0.0195,-0.6142
D20160420001172,272,269.0,31.0,-92.0,-0.515,0.0087,0.8572,-0.8571,-0.0203,-0.5147
D20160420001172,273,261.9,38.0,-95.0,-0.6095,0.0868,0.788,-0.7895,0.0244,-0.6133
D20160420001172,274,83.7,39.0,-93.0,0.6255,-0.0695,0.7771,0.7771,-0.0337,-0.6285
D20160420001172,275,88.8,53.0,-94.0,0.7984,-0.0174,0.6018,0.6017,0.0566,-0.7967
D20160420001172,276,270.0,36.0,-91.0,-0.5878,-0.0,0.809,-0.8089,-0.0175,-0.5877
D20160420001172,277,267.1,43.0,-94.0,-0.6811,0.0348,0.7314,-0.7322,-0.0324,-0.6803
D20160420001172,278,90.0,48.0,-94.0,0.7431,0.0,0.6691,0.6675,0.0698,-0.7413
D20160420001172,279,247.3,38.0,-105.0,-0.568,0.2376,0.788,-0.8021,0.055,-0.5947
D20160420001172,280,66.5,54.0,-95.0,0.7419,-0.3227,0.5878,0.5717,-0.1536,-0.8059
D20160420001172,281,260.9,37.0,-92.0,-0.5942,0.0954,0.7986,-0.7936,0.0921,-0.6014
D20160420001172,282,79.6,60.0,-92.0,0.8518,-0.1561,0.5,0.4978,-0.0557,-0.8655
D20160420001172,283,256.8,40.0,-100.0,-0.6257,0.1473,0.766,-0.7741,0.0038,-0.633
D20160420001172,284,270.8,39.0,-93.0,-0.6293,-0.0087,0.7771,-0.7753,-0.0631,-0.6285
D20160420001172,285,264.8,35.0,-92.0,-0.5712,0.0524,0.8192,-0.8184,0.0401,-0.5732
D20160420001172,286,258.1,39.0,-94.0,-0.6158,0.1297,0.7771,-0.773,0.0915,-0.6278
D20160420001172,287,84.6,48.0,-91.0,0.7399,-0.0696,0.6691,0.6677,-0.0453,-0.743
D20160420001172,288,70.4,50.0,-97.0,0.7218,-0.2565,0.6428,0.642,-0.0988,-0.7603
D20160420001172,289,63.8,53.0,-97.0,0.7163,-0.3532,0.6018,0.5896,-0.1549,-0.7927
D20160420001172,290,70.4,50.0,-98.0,0.7218,-0.2565,0.6428,0.6464,-0.082,-0.7586
D20160420001172,291,90.0,52.0,-92.0,0.788,0.0,0.6157,0.6153,0.0349,-0.7875
D20160420001172,292,79.4,49.0,-93.0,0.7419,-0.1387,0.6561,0.6536,-0.0689,-0.7537
D20160420001172,293,81.9,48.0,-94.0,0.7358,-0.1042,0.6691,0.6707,-0.0245,-0.7413
D20160420001172,294,273.7,33.0,-96.0,-0.5435,-0.0349,0.8387,-0.8257,-0.1578,-0.5417
D20160420001172,295,87.3,47.0,-91.0,0.7305,-0.0349,0.682,0.6819,-0.0151,-0.7312
D20160420001172,296,264.4,39.0,-92.0,-0.6264,0.0609,0.7771,-0.7764,0.0404,-0.6289
D20160420001172,297,73.2,41.0,-99.0,0.6281,-0.1894,0.7547,0.7588,-0.0654,-0.648
D20160420001172,298,74.3,50.0,-95.0,0.7376,-0.2067,0.6428,0.6401,-0.0888,-0.7631
D20160420001172,299,251.3,36.0,-100.0,-0.5568,0.1882,0.809,-0.8104,0.0907,-0.5789
D20160420001172,300,64.6,52.0,-97.0,0.7121,-0.3374,0.6157,0.6044,-0.1515,-0.7821
D20160420001172,301,255.4,46.0,-98.0,-0.6961,0.1813,0.6947,-0.7008,0.0387,-0.7123
D20160420001172,302,78.9,46.0,-96.0,0.7058,-0.1387,0.6947,0.698,-0.0307,-0.7154
D20160420001172,303,74.9,47.0,-95.0,0.7062,-0.19,0.682,0.6787,-0.0923,-0.7286
D20160420001172,304,83.9,41.0,-91.0,0.6523,-0.0697,0.7547,0.7522,-0.0629,-0.656
D20160420001172,305,77.0,50.0,-97.0,0.7463,-0.1729,0.6428,0.649,-0.0253,-0.7603
D20160420001172,306,275.1,36.0,-93.0,-0.5855,-0.0522,0.809,-0.8001,-0.1239,-0.587
D20160420001172,307,264.2,37.0,-93.0,-0.5987,0.0609,0.7986,-0.7987,0.0286,-0.601
D20160420001172,308,262.2,45.0,-97.0,-0.7006,0.0955,0.7071,-0.7119,-0.0259,-0.7018
D20160420001172,309,68.0,55.0,-97.0,0.7597,-0.3064,0.5736,0.5736,-0.0999,-0.813
D20160420001172,310,83.8,53.0,-96.0,0.7939,-0.0869,0.6018,0.6063,0.0387,-0.7943
D20160420001172,311,81.7,46.0,-95.0,0.7117,-0.1043,0.6947,0.6973,-0.0141,-0.7166
D20160420001172,312,78.4,51.0,-92.0,0.7614,-0.1559,0.6293,0.6232,-0.092,-0.7767
D20160420001172,313,70.2,41.0,-104.0,0.6172,-0.2226,0.7547,0.7709,-0.0208,-0.6366
D20160420001172,314,268.3,36.0,-92.0,-0.5875,0.0174,0.809,-0.8092,-0.0109,-0.5874
D20160420001172,315,259.6,46.0,-96.0,-0.7075,0.1302,0.6947,-0.6984,0.0222,-0.7154
D20160420001172,316,270.0,41.0,-95.0,-0.6561,-0.0,0.7547,-0.7518,-0.0872,-0.6536
D20160420001172,317,74.9,47.0,-96.0,0.7062,-0.19,0.682,0.6821,-0.0753,-0.7273
D20160420001172,318,92.8,46.0,-95.0,0.7185,0.0349,0.6947,0.687,0.1206,-0.7166
D20160420001172,319,251.3,44.0,-107.0,-0.6579,0.2229,0.7193,-0.7454,-0.0561,-0.6643
D20160420001172,320,259.9,40.0,-95.0,-0.6328,0.1131,0.766,-0.7666,0.0484,-0.6403
D20160420001172,321,76.6,42.0,-96.0,0.6508,-0.1556,0.7431,0.7431,-0.0702,-0.6655
D20160420001172,322,262.7,43.0,-95.0,-0.6764,0.0869,0.7314,-0.7337,0.0063,-0.6794
D20160420001172,323,270.0,44.0,-91.0,-0.6947,-0.0,0.7193,-0.7192,-0.0175,-0.6946
D20160420001172,324,249.5,45.0,-104.0,-0.6625,0.2473,0.7071,-0.7274,0.0133,-0.6861
D20160420001172,325,253.9,43.0,-103.0,-0.6553,0.1891,0.7314,-0.747,-0.0185,-0.6645
D20160420001172,326,77.5,40.0,-94.0,0.6276,-0.1388,0.766,0.7612,-0.0969,-0.6412
D20160420001172,327,269.1,34.0,-101.0,-0.5591,0.0087,0.829,-0.8167,-0.1781,-0.5489
D20160420001172,328,76.6,42.0,-94.0,0.6508,-0.1556,0.7431,0.7372,-0.1045,-0.6675
D20160420001172,329,253.6,40.0,-101.0,-0.6168,0.1811,0.766,-0.7753,0.0288,-0.631
D20160420001172,330,82.1,49.0,-91.0,0.7475,-0.1043,0.6561,0.6521,-0.0733,-0.7546
D20160420001172,331,87.4,49.0,-96.0,0.7539,-0.0349,0.6561,0.6566,0.0743,-0.7506
D20160420001172,332,90.0,46.0,-91.0,0.7193,0.0,0.6947,0.6946,0.0175,-0.7192
D20160420001172,333,65.6,51.0,-97.0,0.7076,-0.3214,0.6293,0.6191,-0.1474,-0.7714
D20160420001172,334,93.9,51.0,-92.0,0.7754,0.0523,0.6293,0.6252,0.0771,-0.7767
D20160420001172,335,67.6,58.0,-96.0,0.7839,-0.3235,0.5299,0.527,-0.1044,-0.8434
D20160420001172,336,75.6,44.0,-96.0,0.6728,-0.1728,0.7193,0.7189,-0.0767,-0.6909
D20160420001172,337,90.0,58.0,-92.0,0.848,0.0,0.5299,0.5296,0.0349,-0.8475
D20160420001172,338,76.3,41.0,-93.0,0.6373,-0.1557,0.7547,0.7446,-0.128,-0.6552
D20160420001172,339,75.6,44.0,-95.0,0.6728,-0.1728,0.7193,0.7158,-0.0938,-0.692
D20160420001172,340,92.8,46.0,-91.0,0.7185,0.0349,0.6947,0.6929,0.0511,-0.7192
D20160420001172,341,70.1,49.0,-101.0,0.7099,-0.2563,0.6561,0.6705,-0.0392,-0.7408
D20160420001172,342,272.9,43.0,-92.0,-0.6811,-0.0348,0.7314,-0.7282,-0.0722,-0.6816
D20160420001172,343,95.4,48.0,-90.0,0.7399,0.0696,0.6691,0.6662,0.0627,-0.7431
D20160420001172,344,77.3,60.0,-96.0,0.8449,-0.1903,0.5,0.5081,-0.0073,-0.8613
D20160420001172,345,79.4,49.0,-96.0,0.7419,-0.1387,0.6561,0.6606,-0.0171,-0.7506
D20160420001172,346,260.3,42.0,-91.0,-0.6595,0.1129,0.7431,-0.7353,0.1081,-0.669
D20160420001172,347,67.8,46.0,-97.0,0.6658,-0.2723,0.6947,0.6843,-0.1481,-0.714
D20160420001172,348,251.2,46.0,-104.0,-0.6811,0.2314,0.6947,-0.716,-0.0122,-0.698
D20160420001172,349,67.7,54.0,-94.0,0.7487,-0.3066,0.5878,0.5691,-0.1576,-0.807
D20160420001172,350,271.0,31.0,-94.0,-0.515,-0.0087,0.8572,-0.8538,-0.0843,-0.5138
D20160420001172,351,275.5,40.0,-91.0,-0.6399,-0.0611,0.766,-0.7608,-0.0902,-0.6427
D20160420001172,352,92.6,49.0,-91.0,0.7539,0.0349,0.6561,0.6545,0.0477,-0.7546
D20160420001172,353,71.9,46.0,-100.0,0.6839,-0.2231,0.6947,0.7042,-0.0471,-0.7084
D20160420001172,354,66.2,57.0,-99.0,0.7671,-0.339,0.5446,0.5553,-0.0743,-0.8283
D20160420001172,355,266.1,40.0,-94.0,-0.6413,0.0437,0.766,-0.7672,-0.0177,-0.6412
D20160420001172,356,72.5,59.0,-98.0,0.8176,-0.2574,0.515,0.5283,-0.0204,-0.8488
D20160420001172,357,247.4,40.0,-104.0,-0.5934,0.247,0.766,-0.7792,0.0623,-0.6237
D20160420001172,358,83.8,54.0,-93.0,0.8043,-0.0872,0.5878,0.5892,-0.0112,-0.8079
D20160420001172,359,67.8,50.0,-96.0,0.7094,-0.2891,0.6428,0.6314,-0.1445,-0.7618
D20160420001172,360,71.3,44.0,-99.0,0.6579,-0.2229,0.7193,0.7231,-0.0799,-0.6861
D20160420001172,361,86.3,53.0,-97.0,0.7969,-0.0522,0.6018,0.604,0.0825,-0.7927
D20160420001172,362,263.4,32.0,-90.0,-0.5264,0.0609,0.848,-0.8424,0.0974,-0.5299
D20160420001172,363,262.5,37.0,-98.0,-0.5967,0.0782,0.7986,-0.8022,-0.0352,-0.596
D20160420001172,364,82.2,50.0,-90.0,0.7589,-0.1043,0.6428,0.6368,-0.0875,-0.766
D20160420001172,365,82.2,50.0,-94.0,0.7589,-0.1043,0.6428,0.6447,-0.0182,-0.7642
D20160420001172,366,259.9,44.0,-99.0,-0.6839,0.1216,0.7193,-0.7269,-0.0297,-0.6861
D20160420001172,367,68.1,47.0,-98.0,0.6786,-0.2728,0.682,0.6785,-0.1228,-0.7242
D20160420001172,368,88.7,51.0,-93.0,0.777,-0.0174,0.6293,0.6295,0.0382,-0.7761
D20160420001172,369,81.9,60.0,-94.0,0.8574,-0.1217,0.5,0.5036,-0.001,-0.8639
D20160420001172,370,69.1,50.0,-102.0,0.7158,-0.2729,0.6428,0.6616,-0.0297,-0.7493
D20160420001172,371,77.5,40.0,-95.0,0.6276,-0.1388,0.766,0.7639,-0.0796,-0.6403
D20160420001172,372,91.3,52.0,-90.0,0.7878,0.0174,0.6157,0.6155,0.0136,-0.788
D20160420001172,373,272.5,37.0,-94.0,-0.6012,-0.0261,0.7986,-0.7929,-0.1043,-0.6003
D20160420001172,374,268.0,30.0,-90.0,-0.4997,0.0174,0.866,-0.8655,0.0302,-0.5
D20160420001172,375,68.8,45.0,-99.0,0.6594,-0.2554,0.7071,0.7078,-0.1064,-0.6984
D20160420001172,376,270.9,34.0,-96.0,-0.5591,-0.0087,0.829,-0.8228,-0.1174,-0.5561
D20160420001172,377,265.9,37.0,-90.0,-0.6002,0.0435,0.7986,-0.7965,0.0578,-0.6018
D20160420001172,378,82.8,56.0,-90.0,0.8224,-0.1046,0.5592,0.5547,-0.0706,-0.829
D20160420001172,379,84.9,52.0,-97.0,0.7849,-0.0696,0.6157,0.6195,0.0674,-0.7821
D20160420001172,380,84.9,51.0,-95.0,0.774,-0.0697,0.6293,0.6322,0.0306,-0.7742
D20160420001172,381,263.2,31.0,-93.0,-0.5114,0.0611,0.8572,-0.8562,0.0495,-0.5143
D20160420001172,382,70.8,47.0,-101.0,0.6908,-0.2401,0.682,0.695,-0.0395,-0.7179
D20160420001172,383,94.2,46.0,-91.0,0.7174,0.0523,0.6947,0.6914,0.0679,-0.7192
D20160420001172,384,70.5,46.0,-99.0,0.6782,-0.2396,0.6947,0.699,-0.0811,-0.7105
D20160420001172,385,253.3,39.0,-105.0,-0.6029,0.1803,0.7771,-0.7934,-0.0329,-0.6079
D20160420001172,386,75.2,48.0,-97.0,0.7186,-0.1895,0.6691,0.6733,-0.0515,-0.7376
D20160420001172,387,68.8,49.0,-98.0,0.7037,-0.2726,0.6561,0.6561,-0.1049,-0.7474
D20160420001172,388,83.5,50.0,-95.0,0.7611,-0.087,0.6428,0.6461,0.0139,-0.7631
D20160420001172,389,273.5,46.0,-90.0,-0.718,-0.0436,0.6947,-0.6934,-0.0421,-0.7193
D20160420001172,390,77.5,40.0,-98.0,0.6276,-0.1388,0.766,0.7707,-0.0279,-0.6365
D20160420001172,391,86.3,53.0,-92.0,0.7969,-0.0522,0.6018,0.6024,-0.0045,-0.7981
D20160420001172,392,78.0,42.0,-95.0,0.6546,-0.1386,0.7431,0.7423,-0.068,-0.6666
D20160420001172,393,259.6,50.0,-91.0,-0.7534,0.1387,0.6428,-0.6352,0.0992,-0.7659
D20160420001172,394,270.0,41.0,-93.0,-0.6561,-0.0,0.7547,-0.7537,-0.0523,-0.6552
D20160420001172,395,267.1,31.0,-91.0,-0.5144,0.0262,0.8572,-0.8568,0.0262,-0.515
D20160420001172,396,266.5,35.0,-93.0,-0.5725,0.035,0.8192,-0.8197,-0.0024,-0.5728
D20160420001172,397,95.6,46.0,-95.0,0.716,0.0697,0.6947,0.6803,0.1538,-0.7166
D20160420001172,398,81.1,52.0,-92.0,0.7786,-0.1215,0.6157,0.6133,-0.0604,-0.7875
D20160420001172,399,259.7,39.0,-93.0,-0.6192,0.1126,0.7771,-0.7729,0.0874,-0.6285
D20160420001172,400,273.7,33.0,-91.0,-0.5435,-0.0349,0.8387,-0.8357,-0.0711,-0.5446
D20160420001172,401,263.7,34.0,-92.0,-0.5558,0.0611,0.829,-0.8274,0.0558,-0.5589
D20160420001172,402,262.5,37.0,-96.0,-0.5967,0.0782,0.7986,-0.8011,-0.0004,-0.5985
D20160420001172,403,259.7,51.0,-90.0,-0.7647,0.1388,0.6293,-0.6192,0.1124,-0.7771
D20160420001172,404,254.7,41.0,-105.0,-0.6329,0.1726,0.7547,-0.7714,-0.0579,-0.6337
D20160420001172,405,270.0,33.0,-93.0,-0.5446,-0.0,0.8387,-0.8375,-0.0523,-0.5439
D20160420001172,406,252.4,45.0,-99.0,-0.6738,0.2144,0.7071,-0.713,0.0626,-0.6984
D20160420001172,407,72.7,44.0,-97.0,0.6633,-0.2063,0.7193,0.718,-0.0957,-0.6895
D20160420001172,408,95.6,46.0,-90.0,0.716,0.0697,0.6947,0.6914,0.0673,-0.7193
D20160420001172,409,270.0,44.0,-90.0,-0.6947,-0.0,0.7193,-0.7193,-0.0,-0.6947
D20160420001172,410,83.8,40.0,-94.0,0.639,-0.0698,0.766,0.7672,-0.0136,-0.6412
D20160420001172,411,72.7,54.0,-98.0,0.7723,-0.2408,0.5878,0.5971,-0.0404,-0.8011
D20160420001172,412,270.7,47.0,-90.0,-0.7313,-0.0087,0.682,-0.6819,-0.0081,-0.7314
D20160420001172,413,92.6,50.0,-90.0,0.7653,0.0349,0.6428,0.6421,0.0293,-0.766
D20160420001172,414,91.5,42.0,-92.0,0.6689,0.0174,0.7431,0.7415,0.0542,-0.6687
D20160420001172,415,275.5,33.0,-92.0,-0.5421,-0.0523,0.8387,-0.8309,-0.1152,-0.5443
D20160420001172,416,78.5,60.0,-93.0,0.8485,-0.1732,0.5,0.4997,-0.0486,-0.8648
D20160420001172,417,69.2,46.0,-99.0,0.6722,-0.256,0.6947,0.6969,-0.098,-0.7105
D20160420001172,418,266.9,29.0,-92.0,-0.4841,0.0261,0.8746,-0.8747,0.0122,-0.4845
D20160420001172,419,63.2,55.0,-100.0,0.7309,-0.3699,0.5736,0.5824,-0.1002,-0.8067
D20160420001172,420,269.1,32.0,-97.0,-0.5298,0.0087,0.848,-0.8436,-0.108,-0.526
D20160420001172,421,84.0,42.0,-91.0,0.6655,-0.0697,0.7431,0.7408,-0.06,-0.669
D20160420001172,422,267.9,45.0,-91.0,-0.7066,0.0261,0.7071,-0.7072,0.0087,-0.707
D20160420001172,423,266.6,47.0,-90.0,-0.73,0.0437,0.682,-0.6808,0.0407,-0.7314
D20160420001172,424,90.0,50.0,-95.0,0.766,0.0,0.6428,0.6403,0.0872,-0.7631
D20160420001172,425,267.9,46.0,-91.0,-0.7189,0.0262,0.6947,-0.6947,0.0078,-0.7192
D20160420001172,426,272.8,32.0,-99.0,-0.5293,-0.0261,0.848,-0.8289,-0.1976,-0.5234
D20160420001172,427,254.7,36.0,-101.0,-0.567,0.1549,0.809,-0.8164,0.0253,-0.577
D20160420001172,428,78.3,59.0,-96.0,0.8395,-0.1731,0.515,0.5228,-0.0011,-0.8525
D20160420001172,429,258.6,38.0,-95.0,-0.6036,0.1212,0.788,-0.7868,0.0691,-0.6133
D20160420001172,430,264.8,42.0,-96.0,-0.6663,0.061,0.7431,-0.7455,-0.0367,-0.6655
D20160420001172,431,264.6,48.0,-92.0,-0.7399,0.0696,0.6691,-0.6691,0.0279,-0.7427
D20160420001172,432,253.9,48.0,-99.0,-0.7139,0.2063,0.6691,-0.6783,0.0332,-0.734
D20160420001172,433,258.1,36.0,-99.0,-0.5752,0.1211,0.809,-0.8141,0.0115,-0.5805
D20160420001172,434,78.9,46.0,-91.0,0.7058,-0.1387,0.6947,0.6849,-0.1168,-0.7192
D20160420001172,435,79.4,58.0,-97.0,0.8335,-0.1563,0.5299,0.5394,0.0228,-0.8417
D20160420001172,436,270.7,42.0,-94.0,-0.6691,-0.0087,0.7431,-0.7404,-0.0794,-0.6675
D20160420001172,437,78.9,54.0,-93.0,0.7938,-0.1562,0.5878,0.586,-0.062,-0.8079
D20160420001172,438,79.5,59.0,-94.0,0.8429,-0.156,0.515,0.5179,-0.0249,-0.8551
D20160420001172,439,259.9,40.0,-96.0,-0.6328,0.1131,0.766,-0.7684,0.0311,-0.6393
D20160420001172,440,252.1,40.0,-100.0,-0.6116,0.1978,0.766,-0.7712,0.0669,-0.633
D20160420001172,441,91.4,44.0,-95.0,0.6944,0.0175,0.7193,0.7142,0.1051,-0.692
D20160420001172,442,83.8,53.0,-95.0,0.7939,-0.0869,0.6018,0.6054,0.0214,-0.7956
D20160420001172,443,79.1,56.0,-92.0,0.8142,-0.1564,0.5592,0.5554,-0.0711,-0.8285
D20160420001172,444,85.2,39.0,-91.0,0.6272,-0.0522,0.7771,0.7758,-0.0471,-0.6292
D20160420001172,445,62.1,52.0,-98.0,0.6965,-0.3686,0.6157,0.604,-0.1622,-0.7803
D20160420001172,446,69.1,50.0,-98.0,0.7158,-0.2729,0.6428,0.6444,-0.0967,-0.7586
D20160420001172,447,68.4,44.0,-99.0,0.6459,-0.2557,0.7193,0.7182,-0.1161,-0.6861
D20160420001172,448,263.0,40.0,-97.0,-0.638,0.0785,0.766,-0.7695,-0.0281,-0.638
D20160420001172,449,75.4,49.0,-95.0,0.7305,-0.1897,0.6561,0.6545,-0.0799,-0.7518
D20160420001172,450,249.6,36.0,-103.0,-0.551,0.2047,0.809,-0.8173,0.0636,-0.5727
D20160420001172,451,248.6,39.0,-103.0,-0.5859,0.2297,0.7771,-0.7871,0.067,-0.6132
D20160420001172,452,275.2,35.0,-96.0,-0.5712,-0.0524,0.8192,-0.8017,-0.1785,-0.5704
D20160420001172,453,73.3,46.0,-96.0,0.6891,-0.2065,0.6947,0.6918,-0.0982,-0.7154
D20160420001172,454,263.2,31.0,-92.0,-0.5114,0.0611,0.8572,-0.8547,0.0669,-0.5147
D20160420001172,455,245.7,38.0,-108.0,-0.561,0.2536,0.788,-0.8102,0.0271,-0.5855
D20160420001172,456,88.6,47.0,-94.0,0.7311,-0.0175,0.682,0.6818,0.0535,-0.7296
D20160420001172,457,252.7,44.0,-103.0,-0.6633,0.2063,0.7193,-0.7361,-0.0066,-0.6769
D20160420001172,458,272.7,34.0,-97.0,-0.5586,-0.0262,0.829,-0.8162,-0.1603,-0.555
D20160420001172,459,260.9,50.0,-92.0,-0.7563,0.1216,0.6428,-0.6398,0.0675,-0.7656
D20160420001172,460,81.0,42.0,-94.0,0.661,-0.1042,0.7431,0.7432,-0.0466,-0.6675
D20160420001172,461,76.4,54.0,-94.0,0.7863,-0.1903,0.5878,0.5863,-0.0702,-0.807
D20160420001172,462,256.4,36.0,-97.0,-0.5713,0.1381,0.809,-0.8091,0.0702,-0.5834
D20160420001172,463,269.1,32.0,-98.0,-0.5298,0.0087,0.848,-0.842,-0.1253,-0.5248
D20160420001172,464,270.9,34.0,-98.0,-0.5591,-0.0087,0.829,-0.8187,-0.152,-0.5538
D20160420001172,465,66.0,45.0,-97.0,0.646,-0.2876,0.7071,0.6907,-0.1741,-0.7018
D20160420001172,466,73.5,52.0,-96.0,0.7556,-0.2235,0.6157,0.6168,-0.0734,-0.7837
D20160420001172,467,84.0,57.0,-92.0,0.8341,-0.0871,0.5446,0.545,-0.0218,-0.8382
D20160420001172,468,67.6,42.0,-100.0,0.6186,-0.2551,0.7431,0.7428,-0.1184,-0.659
D20160420001172,469,73.5,52.0,-95.0,0.7556,-0.2235,0.6157,0.6128,-0.0904,-0.785
D20160420001172,470,71.6,45.0,-102.0,0.6711,-0.2226,0.7071,0.7219,-0.0204,-0.6917
D20160420001172,471,87.4,51.0,-90.0,0.7764,-0.0349,0.6293,0.6287,-0.0282,-0.7771
D20160420001172,472,92.6,50.0,-92.0,0.7653,0.0349,0.6428,0.6401,0.0641,-0.7656
D20160420001172,473,93.8,52.0,-90.0,0.7863,0.0523,0.6157,0.6143,0.0408,-0.788
D20160420001172,474,253.5,33.0,-97.0,-0.5221,0.155,0.8387,-0.8327,0.12,-0.5406
D20160420001172,475,267.6,39.0,-94.0,-0.6288,0.0261,0.7771,-0.7775,-0.0375,-0.6278
D20160420001172,476,259.7,39.0,-98.0,-0.6192,0.1126,0.7771,-0.7821,0.0008,-0.6232
D20160420001172,477,91.4,47.0,-94.0,0.7311,0.0175,0.682,0.6785,0.086,-0.7296
D20160420001172,478,264.7,49.0,-90.0,-0.7515,0.0696,0.6561,-0.6533,0.0605,-0.7547
D20160420001172,479,61.8,48.0,-99.0,0.6549,-0.3513,0.6691,0.6563,-0.1745,-0.734
D20160420001172,480,78.0,42.0,-93.0,0.6546,-0.1386,0.7431,0.7369,-0.1025,-0.6682
D20160420001172,481,262.9,39.0,-92.0,-0.6244,0.0782,0.7771,-0.775,0.0619,-0.6289
D20160420001172,482,264.7,49.0,-93.0,-0.7515,0.0696,0.6561,-0.6572,0.0083,-0.7537
D20160420001172,483,267.5,37.0,-95.0,-0.6012,0.0261,0.7986,-0.7986,-0.0525,-0.5995
D20160420001172,484,83.6,51.0,-93.0,0.7723,-0.087,0.6293,0.6304,-0.0184,-0.7761
D20160420001172,485,266.3,33.0,-93.0,-0.5435,0.0349,0.8387,-0.8392,0.0014,-0.5439
D20160420001172,486,71.5,49.0,-97.0,0.7156,-0.2398,0.6561,0.6561,-0.0914,-0.7491
D20160420001172,487,258.1,36.0,-94.0,-0.5752,0.1211,0.809,-0.8041,0.098,-0.5864
D20160420001172,488,75.8,58.0,-95.0,0.8223,-0.2075,0.5299,0.5332,-0.0447,-0.8448
D20160420001172,489,262.2,45.0,-91.0,-0.7006,0.0955,0.7071,-0.7029,0.0782,-0.707
D20160420001172,490,69.9,48.0,-98.0,0.6977,-0.256,0.6691,0.67,-0.0976,-0.7359
D20160420001172,491,93.6,57.0,-90.0,0.837,0.0523,0.5446,0.5436,0.034,-0.8387
D20160420001172,492,257.7,32.0,-94.0,-0.5179,0.1124,0.848,-0.8415,0.1113,-0.5286
D20160420001172,493,80.4,47.0,-93.0,0.7212,-0.1217,0.682,0.6803,-0.0618,-0.7304
D20160420001172,494,95.1,51.0,-92.0,0.774,0.0697,0.6293,0.6233,0.0911,-0.7767
D20160420001172,495,68.8,45.0,-103.0,0.6594,-0.2554,0.7071,0.7237,-0.0391,-0.689
D20160420001172,496,271.8,33.0,-94.0,-0.5444,-0.0175,0.8387,-0.834,-0.0965,-0.5433
D20160420001172,497,264.2,44.0,-92.0,-0.6912,0.0697,0.7193,-0.7188,0.0374,-0.6942
D20160420001172,498,94.2,46.0,-94.0,0.7174,0.0523,0.6947,0.6861,0.12,-0.7176
D20160420001172,499,76.1,52.0,-97.0,0.7648,-0.1899,0.6157,0.6224,-0.029,-0.7821
D20160415000600,0,23.9,26.0,-179.0,0.1778,-0.4007,0.8988,0.9203,0.3911,-0.0077
D20160415000600,1,22.5,53.0,177.0,0.3056,-0.7378,0.6018,0.9106,0.4113,0.0418
D20160415000600,2,205.0,83.0,180.0,-0.4188,0.8999,0.1219,-0.9066,-0.422,0.0
D20160415000600,3,23.0,73.0,-156.0,0.374,-0.8801,0.2924,0.8873,0.2478,-0.389
D20160415000600,4,18.8,76.0,176.0,0.3131,-0.9184,0.2419,0.9388,0.3379,0.0677
D20160415000600,5,31.2,60.0,-158.0,0.448,-0.7411,0.5,0.8904,0.3194,-0.3244
D20160415000600,6,27.3,42.0,-176.0,0.3065,-0.5948,0.7431,0.9105,0.4109,-0.0467
D20160415000600,7,24.1,80.0,-154.0,0.4019,-0.8991,0.1736,0.8516,0.2973,-0.4317
D20160415000600,8,24.1,80.0,-163.0,0.4019,-0.8991,0.1736,0.8938,0.3439,-0.2879
D20160415000600,9,20.0,88.0,-133.0,0.3418,-0.9391,0.0349,0.6496,0.2093,-0.7309
D20160415000600,10,22.9,70.0,-162.0,0.3656,-0.8656,0.342,0.9172,0.2727,-0.2904
D20160415000600,11,23.8,75.0,170.0,0.3897,-0.8838,0.2588,0.883,0.4384,0.1677
D20160415000600,12,17.8,85.0,154.0,0.3045,-0.9485,0.0872,0.8441,0.3111,0.4367
D20160415000600,13,24.5,40.0,174.0,0.267,-0.5847,0.766,0.8714,0.486,0.0672
D20160415000600,14,28.5,43.0,-170.0,0.3258,-0.5991,0.7314,0.9258,0.3589,-0.1184
D20160415000600,15,16.8,76.0,141.0,0.2798,-0.9291,0.2419,0.7002,0.3699,0.6106
D20160415000600,16,21.0,80.0,142.0,0.3536,-0.9191,0.1736,0.6971,0.3827,0.6063
D20160415000600,17,27.6,33.0,-179.0,0.2519,-0.4829,0.8387,0.8932,0.4495,-0.0095
D20160415000600,18,22.9,70.0,-160.0,0.3656,-0.8656,0.342,0.9112,0.2579,-0.3214
D20160415000600,19,27.9,45.0,-174.0,0.3307,-0.625,0.7071,0.9136,0.3998,-0.0739
D20160415000600,20,28.6,71.0,-149.0,0.4524,-0.8302,0.3256,0.8329,0.2629,-0.487
D20160415000600,21,206.3,81.0,-175.0,-0.4375,0.8855,0.1564,-0.8992,-0.429,-0.0861
D20160415000600,22,205.6,78.0,-175.0,-0.4222,0.8824,0.2079,-0.9065,-0.4136,-0.0853
D20160415000600,23,205.0,88.0,-174.0,-0.4224,0.9058,0.0349,-0.9029,-0.417,-0.1045
D20160415000600,24,20.8,85.0,152.0,0.3539,-0.9312,0.0872,0.8108,0.3519,0.4677
D20160415000600,25,204.5,76.0,-177.0,-0.4024,0.8829,0.2419,-0.914,-0.4026,-0.0508
D20160415000600,26,32.2,48.0,-159.0,0.3964,-0.6286,0.6691,0.9176,0.2952,-0.2663
D20160415000600,27,17.0,80.0,166.0,0.2877,-0.9418,0.1736,0.9157,0.3236,0.2382
D20160415000600,28,26.5,71.0,180.0,0.4215,-0.8464,0.3256,0.8952,0.4457,0.0
D20160415000600,29,20.2,81.0,153.0,0.3414,-0.9268,0.1564,0.8115,0.3747,0.4484
D20160415000600,30,21.0,87.0,-171.0,0.3579,-0.9323,0.0523,0.925,0.3463,-0.1562
D20160415000600,31,18.4,83.0,169.0,0.3134,-0.9418,0.1219,0.9241,0.332,0.1894
D20160415000600,32,29.4,63.0,-172.0,0.4379,-0.776,0.454,0.8935,0.4317,-0.124
D20160415000600,33,28.8,42.0,-167.0,0.3219,-0.5866,0.7431,0.9346,0.3222,-0.1505
D20160415000600,34,20.2,82.0,163.0,0.3423,-0.9292,0.1392,0.8833,0.3688,0.2895
D20160415000600,35,26.9,67.0,-173.0,0.4167,-0.8208,0.3907,0.9066,0.4069,-0.1122
D20160415000600,36,20.7,79.0,-150.0,0.3462,-0.9186,0.1908,0.844,0.2162,-0.4908
D20160415000600,37,208.0,83.0,-176.0,-0.4657,0.8765,0.1219,-0.8849,-0.4606,-0.0692
D20160415000600,38,201.0,90.0,162.0,0.3584,-0.9336,-0.0,0.8879,0.3408,-0.309
D20160415000600,39,24.6,69.0,-160.0,0.3893,-0.8486,0.3584,0.9052,0.2804,-0.3193
D20160415000600,40,30.0,62.0,-157.0,0.4415,-0.7647,0.4695,0.8889,0.3014,-0.345
D20160415000600,41,23.0,90.0,164.0,-0.3907,0.9205,-0.0,-0.8848,-0.3756,-0.2756
D20160415000600,42,17.2,82.0,162.0,0.2927,-0.946,0.1392,0.8959,0.3222,0.306
D20160415000600,43,26.3,82.0,-175.0,0.4386,-0.8878,0.1392,0.8985,0.4304,-0.0863
D20160415000600,44,27.8,79.0,-165.0,0.4577,-0.8684,0.1908,0.8775,0.4067,-0.2541
D20160415000600,45,24.7,46.0,178.0,0.3003,-0.6537,0.6947,0.898,0.4392,0.0251
D20160415000600,46,19.6,79.0,141.0,0.3298,-0.9246,0.1908,0.6916,0.3742,0.6178
D20160415000600,47,21.8,86.0,131.0,0.3706,-0.9262,0.0698,0.5895,0.2926,0.7529
D20160415000600,48,24.4,64.0,-169.0,0.3719,-0.8182,0.4384,0.9282,0.3301,-0.1715
D20160415000600,49,23.7,72.0,176.0,0.382,-0.871,0.309,0.9049,0.4205,0.0663
D20160415000600,50,19.4,83.0,-174.0,0.3299,-0.9361,0.1219,0.9422,0.3185,-0.1037
D20160415000600,51,19.2,74.0,150.0,0.3169,-0.9075,0.2756,0.7722,0.4156,0.4806
D20160415000600,52,19.8,62.0,172.0,0.2993,-0.8307,0.4695,0.9095,0.3971,0.1229
D20160415000600,53,25.6,64.0,-178.0,0.3877,-0.8109,0.4384,0.9082,0.4173,-0.0314
D20160415000600,54,21.4,69.0,-171.0,0.3411,-0.869,0.3584,0.9399,0.3087,-0.146
D20160415000600,55,26.0,56.0,-179.0,0.3631,-0.7453,0.5592,0.9031,0.4291,-0.0145
D20160415000600,56,22.4,74.0,169.0,0.3658,-0.8889,0.2756,0.8877,0.4222,0.1834
D20160415000600,57,207.0,87.0,-175.0,-0.4534,0.8898,0.0523,-0.8897,-0.4482,-0.087
D20160415000600,58,21.0,87.0,-148.0,0.3579,-0.9323,0.0523,0.8017,0.278,-0.5292
D20160415000600,59,28.1,44.0,177.0,0.327,-0.6129,0.7193,0.8634,0.5033,0.0364
D20160415000600,60,20.0,87.0,-165.0,0.3416,-0.9384,0.0523,0.9123,0.3176,-0.2585
D20160415000600,61,19.7,75.0,-179.0,0.3249,-0.9096,0.2588,0.9431,0.3321,-0.0169
D20160415000600,62,22.8,75.0,162.0,0.3737,-0.8907,0.2588,0.8461,0.4417,0.2985
D20160415000600,63,20.4,67.0,172.0,0.3208,-0.8628,0.3907,0.9093,0.396,0.1281
D20160415000600,64,25.0,90.0,-169.0,-0.4226,0.9063,-0.0,-0.8897,-0.4149,0.1908
D20160415000600,65,26.5,74.0,-149.0,0.4294,-0.86,0.2756,0.8303,0.2559,-0.4951
D20160415000600,66,17.8,64.0,157.0,0.2744,-0.8559,0.4384,0.8243,0.4442,0.3512
D20160415000600,67,29.6,48.0,-164.0,0.3665,-0.6465,0.6691,0.9272,0.3137,-0.2048
D20160415000600,68,23.0,88.0,172.0,0.3905,-0.9199,0.0349,0.9096,0.3914,0.1391
D20160415000600,69,27.5,46.0,-167.0,0.3316,-0.6383,0.6947,0.9367,0.3105,-0.1618
D20160415000600,70,17.6,75.0,156.0,0.2918,-0.9208,0.2588,0.839,0.3764,0.3929
D20160415000600,71,22.9,70.0,-175.0,0.3656,-0.8656,0.342,0.9293,0.3602,-0.0819
D20160415000600,72,27.8,64.0,-172.0,0.4189,-0.7952,0.4384,0.9046,0.4075,-0.1251
D20160415000600,73,22.0,87.0,-136.0,0.3741,-0.9259,0.0523,0.6806,0.2358,-0.6937
D20160415000600,74,16.8,76.0,140.0,0.2798,-0.9291,0.2419,0.6886,0.3698,0.6237
D20160415000600,75,25.1,73.0,-171.0,0.4059,-0.8659,0.2924,0.9137,0.3778,-0.1496
D20160415000600,76,21.0,88.0,-160.0,0.3581,-0.933,0.0349,0.8816,0.3256,-0.3418
D20160415000600,77,21.2,43.0,172.0,0.2468,-0.6358,0.7314,0.8863,0.4533,0.0949
D20160415000600,78,18.4,83.0,-177.0,0.3134,-0.9418,0.1219,0.9496,0.3092,-0.0519
D20160415000600,79,20.4,83.0,-145.0,0.3463,-0.9302,0.1219,0.7921,0.2203,-0.5693
D20160415000600,80,207.3,85.0,-174.0,-0.4573,0.885,0.0872,-0.8877,-0.4484,-0.1041
D20160415000600,81,27.9,52.0,-171.0,0.3686,-0.6965,0.6157,0.918,0.3768,-0.1233
D20160415000600,82,25.5,36.0,-176.0,0.2528,-0.5307,0.809,0.9249,0.3781,-0.041
D20160415000600,83,17.2,81.0,155.0,0.2919,-0.9436,0.1564,0.8463,0.331,0.4174
D20160415000600,84,18.8,86.0,148.0,0.3215,-0.9443,0.0698,0.7909,0.3083,0.5286
D20160415000600,85,19.6,79.0,-176.0,0.3298,-0.9246,0.1908,0.944,0.3226,-0.0685
D20160415000600,86,20.2,82.0,160.0,0.3423,-0.9292,0.1392,0.8653,0.3695,0.3387
D20160415000600,87,18.2,82.0,-157.0,0.3093,-0.9407,0.1392,0.8914,0.2359,-0.3869
D20160415000600,88,207.0,90.0,-177.0,0.454,-0.891,-0.0,0.8898,0.4534,0.0523
D20160415000600,89,24.8,86.0,-172.0,0.4187,-0.9054,0.0698,0.9029,0.4069,-0.1388
D20160415000600,90,30.6,61.0,-167.0,0.4448,-0.753,0.4848,0.8944,0.4017,-0.1967
D20160415000600,91,24.3,66.0,-167.0,0.3766,-0.8323,0.4067,0.9254,0.3183,-0.2055
D20160415000600,92,203.6,69.0,-179.0,-0.3733,0.8557,0.3584,-0.9189,-0.3941,-0.0163
D20160415000600,93,21.7,75.0,148.0,0.3575,-0.8973,0.2588,0.7371,0.4413,0.5119
D20160415000600,94,17.4,78.0,152.0,0.2923,-0.9335,0.2079,0.8134,0.357,0.4592
D20160415000600,95,20.8,85.0,156.0,0.3539,-0.9312,0.0872,0.8414,0.3577,0.4052
D20160415000600,96,24.4,71.0,-172.0,0.3899,-0.8614,0.3256,0.9208,0.3671,-0.1316
D20160415000600,97,19.8,85.0,149.0,0.3375,-0.9373,0.0872,0.7913,0.3327,0.5131
D20160415000600,98,21.1,64.0,175.0,0.3237,-0.8385,0.4384,0.9156,0.3944,0.0783
D20160415000600,99,26.5,71.0,-168.0,0.4215,-0.8464,0.3256,0.9058,0.3754,-0.1966
D20160415000600,100,19.9,76.0,148.0,0.3296,-0.9126,0.2419,0.7541,0.4086,0.5142
D20160415000600,101,27.2,73.0,-170.0,0.4373,-0.8505,0.2924,0.899,0.4051,-0.1661
D20160415000600,102,22.6,65.0,-178.0,0.3488,-0.8365,0.4226,0.9281,0.3711,-0.0316
D20160415000600,103,26.8,57.0,-178.0,0.3784,-0.7484,0.5446,0.9005,0.434,-0.0293
D20160415000600,104,24.1,55.0,-175.0,0.3345,-0.7477,0.5736,0.9298,0.3612,-0.0714
D20160415000600,105,21.3,77.0,174.0,0.3537,-0.9079,0.225,0.9182,0.3829,0.1018
D20160415000600,106,19.6,84.0,-140.0,0.3338,-0.9368,0.1045,0.7442,0.1938,-0.6393
D20160415000600,107,19.9,40.0,170.0,0.2185,-0.6045,0.766,0.881,0.4598,0.1116
D20160415000600,108,18.8,76.0,141.0,0.3131,-0.9184,0.2419,0.6864,0.3949,0.6106
D20160415000600,109,204.8,75.0,-177.0,-0.4056,0.8767,0.2588,-0.912,-0.407,-0.0506
D20160415000600,110,201.0,89.0,172.0,-0.3583,0.9334,0.0175,-0.9236,-0.3571,0.1392
D20160415000600,111,23.3,82.0,-160.0,0.391,-0.9098,0.1392,0.8821,0.3273,-0.3387
D20160415000600,112,26.0,76.0,177.0,0.426,-0.8718,0.2419,0.8917,0.4499,0.0508
D20160415000600,113,25.8,86.0,174.0,0.4345,-0.898,0.0698,0.892,0.4398,0.1043
D20160415000600,114,17.6,79.0,133.0,0.2967,-0.9357,0.1908,0.6079,0.3391,0.7179
D20160415000600,115,19.8,85.0,139.0,0.3375,-0.9373,0.0872,0.6907,0.3095,0.6536
D20160415000600,116,16.3,56.0,166.0,0.2328,-0.7957,0.5592,0.8933,0.4023,0.2006
D20160415000600,117,23.1,60.0,180.0,0.3395,-0.7967,0.5,0.92,0.392,0.0
D20160415000600,118,24.3,81.0,-159.0,0.406,-0.9004,0.1564,0.8741,0.3326,-0.354
D20160415000600,119,21.3,53.0,-179.0,0.2895,-0.7443,0.6018,0.9357,0.3526,-0.0139
D20160415000600,120,29.6,48.0,-169.0,0.3665,-0.6465,0.6691,0.9169,0.3731,-0.1418
D20160415000600,121,25.6,64.0,-172.0,0.3877,-0.8109,0.4384,0.9197,0.3721,-0.1251
D20160415000600,122,19.9,31.0,173.0,0.1757,-0.4841,0.8572,0.8974,0.4368,0.0628
D20160415000600,123,25.4,71.0,-179.0,0.4057,-0.854,0.3256,0.9055,0.4239,-0.0165
D20160415000600,124,30.0,38.0,180.0,0.3078,-0.5332,0.788,0.866,0.5,0.0
D20160415000600,125,22.2,81.0,172.0,0.3739,-0.9142,0.1564,0.9083,0.3951,0.1375
D20160415000600,126,20.0,88.0,162.0,0.3418,-0.9391,0.0349,0.89,0.3354,0.3088
D20160415000600,127,22.1,62.0,180.0,0.3318,-0.8182,0.4695,0.9267,0.3758,0.0
D20160415000600,128,30.4,57.0,-171.0,0.4244,-0.7234,0.5446,0.895,0.4263,-0.1312
D20160415000600,129,19.3,67.0,169.0,0.3043,-0.8687,0.3907,0.9018,0.3949,0.1756
D20160415000600,130,23.8,86.0,-167.0,0.4028,-0.9126,0.0698,0.8977,0.3791,-0.2244
D20160415000600,131,202.6,80.0,172.0,-0.3779,0.9094,0.1736,-0.9052,-0.4023,0.1371
D20160415000600,132,19.2,55.0,172.0,0.2697,-0.7735,0.5736,0.9088,0.4014,0.114
D20160415000600,133,25.1,80.0,-168.0,0.4177,-0.8918,0.1736,0.9011,0.3822,-0.2048
D20160415000600,134,24.0,70.0,-156.0,0.3817,-0.8587,0.342,0.8913,0.2439,-0.3822
D20160415000600,135,25.0,70.0,-159.0,0.3976,-0.8514,0.342,0.8978,0.2839,-0.3368
D20160415000600,136,17.6,75.0,176.0,0.2918,-0.9208,0.2588,0.9455,0.3186,0.0674
D20160415000600,137,30.6,54.0,-172.0,0.412,-0.6962,0.5878,0.8939,0.434,-0.1126
D20160415000600,138,27.4,77.0,-167.0,0.4489,-0.8648,0.225,0.8881,0.404,-0.2192
D20160415000600,139,20.8,85.0,164.0,0.3539,-0.9312,0.0872,0.89,0.3639,0.2746
D20160415000600,140,17.4,78.0,172.0,0.2923,-0.9335,0.2079,0.9364,0.3235,0.1361
D20160415000600,141,201.0,89.0,171.0,-0.3583,0.9334,0.0175,-0.9211,-0.3565,0.1564
D20160415000600,142,28.1,76.0,-166.0,0.4572,-0.8559,0.2419,0.8834,0.4055,-0.2347
D20160415000600,143,31.9,54.0,-169.0,0.427,-0.6872,0.5878,0.893,0.4228,-0.1544
D20160415000600,144,23.0,90.0,-180.0,-0.3907,0.9205,-0.0,-0.9205,-0.3907,0.0
D20160415000600,145,23.3,71.0,-159.0,0.3739,-0.8684,0.3256,0.9036,0.262,-0.3388
D20160415000600,146,23.2,54.0,-173.0,0.3187,-0.7436,0.5878,0.9405,0.3251,-0.0986
D20160415000600,147,19.2,77.0,154.0,0.3209,-0.92,0.225,0.8162,0.3891,0.4271
D20160415000600,148,19.3,63.0,170.0,0.2952,-0.8407,0.454,0.9031,0.4006,0.1547
D20160415000600,149,23.4,74.0,-162.0,0.3819,-0.8821,0.2756,0.9066,0.2997,-0.297
D20160415000600,150,25.1,73.0,-162.0,0.4059,-0.8659,0.2924,0.8995,0.3219,-0.2955
D20160415000600,151,206.0,89.0,176.0,-0.4383,0.8987,0.0175,-0.8961,-0.4384,0.0697
D20160415000600,152,29.2,52.0,-163.0,0.3839,-0.6882,0.6157,0.9228,0.3087,-0.2304
D20160415000600,153,22.4,59.0,174.0,0.327,-0.7923,0.515,0.8988,0.4292,0.0896
D20160415000600,154,20.4,67.0,167.0,0.3208,-0.8628,0.3907,0.8827,0.4219,0.2071
D20160415000600,155,19.6,79.0,-163.0,0.3298,-0.9246,0.1908,0.9195,0.2687,-0.287
D20160415000600,156,30.4,52.0,-161.0,0.399,-0.6795,0.6157,0.9168,0.3059,-0.2566
D20160415000600,157,26.8,79.0,177.0,0.4421,-0.8764,0.1908,0.8871,0.4587,0.0514
D20160415000600,158,16.6,79.0,146.0,0.28,-0.9409,0.1908,0.7642,0.3387,0.5489
D20160415000600,159,19.6,84.0,-154.0,0.3338,-0.9368,0.1045,0.862,0.2585,-0.436
D20160415000600,160,31.1,62.0,-155.0,0.4565,-0.7558,0.4695,0.8784,0.2987,-0.3731
D20160415000600,161,19.2,74.0,177.0,0.3169,-0.9075,0.2756,0.938,0.3428,0.0503
D20160415000600,162,26.1,70.0,-159.0,0.4133,-0.8439,0.342,0.8923,0.3006,-0.3368
D20160415000600,163,27.1,59.0,-166.0,0.3903,-0.7631,0.515,0.9206,0.3309,-0.2074
D20160415000600,164,21.8,39.0,173.0,0.2338,-0.5843,0.7771,0.8863,0.4566,0.0767
D20160415000600,165,19.0,87.0,150.0,0.3251,-0.9442,0.0523,0.8103,0.3067,0.4993
D20160415000600,166,19.5,72.0,157.0,0.3171,-0.8967,0.309,0.8276,0.4207,0.3716
D20160415000600,167,23.2,54.0,-177.0,0.3187,-0.7436,0.5878,0.93,0.3651,-0.0423
D20160415000600,168,23.0,88.0,177.0,0.3905,-0.9199,0.0349,0.9185,0.3919,0.0523
D20160415000600,169,23.3,71.0,169.0,0.3739,-0.8684,0.3256,0.877,0.4452,0.1804
D20160415000600,170,22.5,53.0,-176.0,0.3056,-0.7378,0.6018,0.9377,0.343,-0.0557
D20160415000600,171,22.8,86.0,-169.0,0.3868,-0.9195,0.0698,0.91,0.3683,-0.1903
D20160415000600,172,32.2,48.0,-163.0,0.3964,-0.6286,0.6691,0.9132,0.3447,-0.2173
D20160415000600,173,21.1,56.0,-175.0,0.299,-0.7732,0.5592,0.9467,0.3138,-0.0723
D20160415000600,174,21.9,46.0,177.0,0.2682,-0.6675,0.6947,0.9131,0.4061,0.0376
D20160415000600,175,20.5,63.0,177.0,0.3116,-0.8348,0.454,0.9273,0.3715,0.0466
D20160415000600,176,27.5,53.0,-176.0,0.3688,-0.7084,0.6018,0.9042,0.4234,-0.0557
D20160415000600,177,22.4,83.0,142.0,0.3788,-0.9174,0.1219,0.6997,0.3701,0.6111
D20160415000600,178,22.0,73.0,-153.0,0.3579,-0.8868,0.2924,0.8759,0.2104,-0.4342
D20160415000600,179,29.6,68.0,-151.0,0.4585,-0.8059,0.3746,0.85,0.2747,-0.4495
D20160415000600,180,19.9,73.0,145.0,0.3253,-0.8993,0.2924,0.7133,0.4363,0.5485
D20160415000600,181,20.6,84.0,-173.0,0.3502,-0.9308,0.1045,0.9335,0.3375,-0.1212
D20160415000600,182,206.0,88.0,-174.0,-0.4381,0.8982,0.0349,-0.8955,-0.4327,-0.1045
D20160415000600,183,27.8,79.0,-167.0,0.4577,-0.8684,0.1908,0.882,0.4163,-0.2208
D20160415000600,184,25.4,60.0,175.0,0.3713,-0.7824,0.5,0.8813,0.4664,0.0755
D20160415000600,185,24.1,80.0,-169.0,0.4019,-0.8991,0.1736,0.9097,0.3703,-0.1879
D20160415000600,186,21.0,87.0,-142.0,0.3579,-0.9323,0.0523,0.7472,0.2523,-0.6148
D20160415000600,187,17.1,63.0,167.0,0.262,-0.8516,0.454,0.9012,0.3842,0.2004
D20160415000600,188,202.3,86.0,178.0,-0.3787,0.9229,0.0698,-0.9236,-0.3817,0.0348
D20160415000600,189,206.5,74.0,-177.0,-0.4294,0.86,0.2756,-0.8999,-0.4332,-0.0503
D20160415000600,190,19.7,75.0,152.0,0.3249,-0.9096,0.2588,0.7906,0.4114,0.4535
D20160415000600,191,20.5,78.0,177.0,0.3418,-0.9165,0.2079,0.9319,0.3592,0.0512
D20160415000600,192,22.6,84.0,-170.0,0.3826,-0.918,0.1045,0.916,0.3621,-0.1727
D20160415000600,193,206.0,83.0,-177.0,-0.4346,0.8923,0.1219,-0.9006,-0.4315,-0.0519
D20160415000600,194,24.1,73.0,-170.0,0.39,-0.8732,0.2924,0.9199,0.3553,-0.1661
D20160415000600,195,26.0,88.0,-177.0,0.4381,-0.8982,0.0349,0.8984,0.4361,-0.0523
D20160415000600,196,20.7,79.0,-152.0,0.3462,-0.9186,0.1908,0.8578,0.2276,-0.4608
D20160415000600,197,25.8,72.0,-169.0,0.4138,-0.8563,0.309,0.9095,0.374,-0.1815
D20160415000600,198,200.3,85.0,175.0,-0.3457,0.9343,0.0872,-0.9316,-0.3528,0.0868
D20160415000600,199,17.2,81.0,144.0,0.2919,-0.9436,0.1564,0.7457,0.327,0.5805
D20160415000600,200,20.2,81.0,132.0,0.3414,-0.9268,0.1564,0.5877,0.3404,0.734
D20160415000600,201,26.0,90.0,175.0,-0.4384,0.8988,-0.0,-0.8954,-0.4367,-0.0872
D20160415000600,202,200.0,89.0,161.0,-0.342,0.9395,0.0175,-0.8866,-0.3287,0.3255
D20160415000600,203,21.8,85.0,153.0,0.3701,-0.9249,0.0872,0.8125,0.3678,0.4523
D20160415000600,204,24.8,65.0,-155.0,0.3808,-0.8224,0.4226,0.8975,0.2187,-0.383
D20160415000600,205,19.9,76.0,145.0,0.3296,-0.9126,0.2419,0.7233,0.4088,0.5565
D20160415000600,206,22.8,75.0,-160.0,0.3737,-0.8907,0.2588,0.9008,0.2819,-0.3304
D20160415000600,207,22.2,50.0,-179.0,0.2891,-0.7094,0.6428,0.9301,0.367,-0.0134
D20160415000600,208,25.4,71.0,-174.0,0.4057,-0.854,0.3256,0.9129,0.396,-0.0988
D20160415000600,209,22.3,77.0,153.0,0.3699,-0.9014,0.225,0.7856,0.4327,0.4424
D20160415000600,210,20.8,86.0,-171.0,0.3544,-0.9325,0.0698,0.9271,0.3407,-0.1561
D20160415000600,211,25.8,72.0,177.0,0.4138,-0.8563,0.309,0.8921,0.449,0.0498
D20160415000600,212,19.2,82.0,-164.0,0.3259,-0.9351,0.1392,0.9203,0.2801,-0.273
D20160415000600,213,18.8,86.0,127.0,0.3215,-0.9443,0.0698,0.5517,0.2467,0.7967
D20160415000600,214,24.3,81.0,-178.0,0.406,-0.9004,0.1564,0.9133,0.4058,-0.0345
D20160415000600,215,18.6,84.0,147.0,0.3173,-0.9426,0.1045,0.7767,0.3215,0.5417
D20160415000600,216,21.2,81.0,141.0,0.3578,-0.9206,0.1564,0.6887,0.3733,0.6216
D20160415000600,217,21.2,82.0,150.0,0.3587,-0.923,0.1392,0.782,0.3785,0.4951
D20160415000600,218,20.3,37.0,171.0,0.209,-0.5644,0.7986,0.8828,0.4602,0.0941
D20160415000600,219,22.8,86.0,-177.0,0.3868,-0.9195,0.0698,0.9219,0.3838,-0.0522
D20160415000600,220,26.9,75.0,-179.0,0.437,-0.8614,0.2588,0.8937,0.4483,-0.0169
D20160415000600,221,24.1,73.0,168.0,0.39,-0.8732,0.2924,0.8683,0.4544,0.1988
D20160415000600,222,25.1,45.0,-178.0,0.2995,-0.6405,0.7071,0.9158,0.4009,-0.0247
D20160415000600,223,23.3,81.0,-179.0,0.39,-0.9074,0.1564,0.9197,0.3923,-0.0172
D20160415000600,224,23.4,74.0,-171.0,0.3819,-0.8821,0.2756,0.9235,0.3529,-0.1504
D20160415000600,225,21.0,80.0,-147.0,0.3536,-0.9191,0.1736,0.8167,0.2129,-0.5364
D20160415000600,226,25.1,80.0,177.0,0.4177,-0.8918,0.1736,0.9005,0.4318,0.0515
D20160415000600,227,22.4,59.0,178.0,0.327,-0.7923,0.515,0.9169,0.3979,0.0299
D20160415000600,228,22.0,87.0,167.0,0.3741,-0.9259,0.0523,0.899,0.3759,0.2246
D20160415000600,229,18.8,86.0,-163.0,0.3215,-0.9443,0.0698,0.9118,0.2889,-0.2917
D20160415000600,230,25.8,86.0,-171.0,0.4345,-0.898,0.0698,0.8938,0.4204,-0.1561
D20160415000600,231,21.9,76.0,170.0,0.3622,-0.9002,0.2419,0.8979,0.4066,0.1685
D20160415000600,232,19.5,54.0,180.0,0.2698,-0.7627,0.5878,0.9427,0.3336,0.0
D20160415000600,233,19.9,73.0,-175.0,0.3253,-0.8993,0.2924,0.9455,0.3149,-0.0833
D20160415000600,234,199.0,90.0,167.0,0.3256,-0.9455,-0.0,0.9213,0.3172,-0.225
D20160415000600,235,26.5,60.0,-167.0,0.3869,-0.7748,0.5,0.922,0.3347,-0.1948
D20160415000600,236,16.7,73.0,162.0,0.2755,-0.9158,0.2924,0.8847,0.3605,0.2955
D20160415000600,237,18.2,67.0,172.0,0.2878,-0.8744,0.3907,0.9236,0.3612,0.1281
D20160415000600,238,22.8,75.0,-165.0,0.3737,-0.8907,0.2588,0.9166,0.3119,-0.25
D20160415000600,239,21.8,86.0,-163.0,0.3706,-0.9262,0.0698,0.8954,0.3364,-0.2917
D20160415000600,240,25.8,72.0,-177.0,0.4138,-0.8563,0.309,0.9062,0.4199,-0.0498
D20160415000600,241,27.2,73.0,-159.0,0.4373,-0.8505,0.2924,0.8782,0.3337,-0.3427
D20160415000600,242,19.6,84.0,133.0,0.3338,-0.9368,0.1045,0.6168,0.3009,0.7273
D20160415000600,243,24.6,69.0,-157.0,0.3893,-0.8486,0.3584,0.8951,0.2565,-0.3648
D20160415000600,244,21.9,60.0,-179.0,0.3233,-0.8034,0.5,0.9308,0.3652,-0.0151
D20160415000600,245,206.0,90.0,-172.0,0.4384,-0.8988,-0.0,0.89,0.4341,0.1392
D20160415000600,246,24.1,55.0,-172.0,0.3345,-0.7477,0.5736,0.9365,0.3315,-0.114
D20160415000600,247,19.6,79.0,165.0,0.3298,-0.9246,0.1908,0.8932,0.371,0.2541
D20160415000600,248,25.6,78.0,-174.0,0.4222,-0.8824,0.2079,0.9065,0.4096,-0.1022
D20160415000600,249,21.8,28.0,177.0,0.1746,-0.4358,0.8829,0.9098,0.4143,0.0246
D20160415000600,250,24.0,28.0,180.0,0.1907,-0.429,0.8829,0.9138,0.4062,0.0
D20160415000600,251,20.4,83.0,151.0,0.3463,-0.9302,0.1219,0.799,0.3605,0.4812
D20160415000600,252,18.2,82.0,146.0,0.3093,-0.9407,0.1392,0.7632,0.3329,0.5538
D20160415000600,253,20.4,67.0,169.0,0.3208,-0.8628,0.3907,0.8941,0.4119,0.1756
D20160415000600,254,28.6,71.0,-153.0,0.4524,-0.8302,0.3256,0.8531,0.2966,-0.4293
D20160415000600,255,25.1,80.0,168.0,0.4177,-0.8918,0.1736,0.8705,0.4476,0.2048
D20160415000600,256,24.1,80.0,171.0,0.4019,-0.8991,0.1736,0.8906,0.4279,0.1541
D20160415000600,257,29.4,59.0,-166.0,0.421,-0.7466,0.515,0.9064,0.368,-0.2074
D20160415000600,258,18.8,85.0,151.0,0.3211,-0.943,0.0872,0.8143,0.3219,0.483
D20160415000600,259,22.2,81.0,-170.0,0.3739,-0.9142,0.1564,0.9218,0.3477,-0.1715
D20160415000600,260,17.8,85.0,-137.0,0.3045,-0.9485,0.0872,0.7145,0.167,-0.6794
D20160415000600,261,22.5,49.0,-174.0,0.2888,-0.6973,0.6561,0.9451,0.3172,-0.0789
D20160415000600,262,27.0,47.0,176.0,0.3324,-0.6514,0.682,0.8669,0.4958,0.051
D20160415000600,263,18.4,83.0,132.0,0.3134,-0.9418,0.1219,0.6063,0.2972,0.7376
D20160415000600,264,19.6,79.0,-177.0,0.3298,-0.9246,0.1908,0.9439,0.3261,-0.0514
D20160415000600,265,24.2,60.0,180.0,0.3554,-0.7897,0.5,0.9119,0.4104,0.0
D20160415000600,266,24.2,60.0,-173.0,0.3554,-0.7897,0.5,0.9301,0.3518,-0.1055
D20160415000600,267,27.0,47.0,-170.0,0.3324,-0.6514,0.682,0.931,0.3421,-0.127
D20160415000600,268,25.0,70.0,178.0,0.3976,-0.8514,0.342,0.9005,0.4336,0.0328
D20160415000600,269,27.0,88.0,179.0,0.4537,-0.8905,0.0349,0.8906,0.4545,0.0174
D20160415000600,270,23.0,88.0,176.0,0.3905,-0.9199,0.0349,0.9173,0.392,0.0697
D20160415000600,271,26.1,70.0,-170.0,0.4133,-0.8439,0.342,0.9105,0.3798,-0.1632
D20160415000600,272,21.1,64.0,177.0,0.3237,-0.8385,0.4384,0.9233,0.3811,0.047
D20160415000600,273,18.2,81.0,153.0,0.3085,-0.9383,0.1564,0.8242,0.3458,0.4484
D20160415000600,274,19.3,65.0,160.0,0.2999,-0.8552,0.4226,0.8389,0.4474,0.31
D20160415000600,275,21.4,83.0,179.0,0.3626,-0.9239,0.1219,0.93,0.3673,0.0173
D20160415000600,276,23.4,83.0,-155.0,0.3949,-0.9106,0.1219,0.852,0.3133,-0.4195
D20160415000600,277,17.4,72.0,150.0,0.2839,-0.9077,0.309,0.7804,0.406,0.4755
D20160415000600,278,18.2,65.0,167.0,0.2834,-0.8609,0.4226,0.8958,0.395,0.2039
D20160415000600,279,206.5,59.0,-177.0,-0.3825,0.7671,0.515,-0.9057,-0.4215,-0.0449
D20160415000600,280,18.3,35.0,171.0,0.1806,-0.5444,0.8192,0.8971,0.4326,0.0897
D20160415000600,281,28.6,58.0,-168.0,0.4063,-0.7444,0.5299,0.9114,0.3719,-0.1763
D20160415000600,282,23.0,90.0,178.0,-0.3907,0.9205,-0.0,-0.9199,-0.3905,-0.0349
D20160415000600,283,25.5,62.0,174.0,0.3797,-0.7971,0.4695,0.8767,0.472,0.0923
D20160415000600,284,23.6,84.0,180.0,0.3987,-0.9111,0.1045,0.9161,0.4008,0.0
D20160415000600,285,30.0,53.0,-163.0,0.3993,-0.6916,0.6018,0.9162,0.3258,-0.2335
D20160415000600,286,18.0,71.0,175.0,0.2922,-0.8992,0.3256,0.9387,0.3348,0.0824
D20160415000600,287,20.5,78.0,164.0,0.3418,-0.9165,0.2079,0.8806,0.3896,0.2696
D20160415000600,288,25.6,57.0,-172.0,0.3628,-0.7562,0.5446,0.9256,0.36,-0.1167
D20160415000600,289,209.3,85.0,-166.0,-0.488,0.8685,0.0872,-0.8562,-0.4569,-0.241
D20160415000600,290,29.0,55.0,-173.0,0.3969,-0.7166,0.5736,0.9021,0.4198,-0.0998
D20160415000600,291,27.0,90.0,172.0,-0.454,0.891,-0.0,-0.8823,-0.4496,-0.1392
D20160415000600,292,23.8,63.0,175.0,0.36,-0.815,0.454,0.8953,0.4387,0.0777
D20160415000600,293,205.5,62.0,-177.0,-0.3797,0.7971,0.4695,-0.9121,-0.4073,-0.0462
D20160415000600,294,19.6,50.0,-178.0,0.2565,-0.7218,0.6428,0.9492,0.3135,-0.0267
D20160415000600,295,31.2,60.0,-169.0,0.448,-0.7411,0.5,0.8894,0.4262,-0.1652
D20160415000600,296,20.7,79.0,167.0,0.3462,-0.9186,0.1908,0.8966,0.3838,0.2208
D20160415000600,297,19.2,81.0,163.0,0.325,-0.9327,0.1564,0.888,0.3579,0.2888
D20160415000600,298,17.6,84.0,168.0,0.3007,-0.948,0.1045,0.9258,0.3164,0.2068
D20160415000600,299,19.2,81.0,158.0,0.325,-0.9327,0.1564,0.8563,0.3605,0.37
D20160415000600,300,26.3,82.0,-167.0,0.4386,-0.8878,0.1392,0.8874,0.4035,-0.2228
D20160415000600,301,21.0,80.0,176.0,0.3536,-0.9191,0.1736,0.9267,0.3695,0.0687
D20160415000600,302,20.7,79.0,-167.0,0.3462,-0.9186,0.1908,0.9269,0.3035,-0.2208
D20160415000600,303,20.9,44.0,173.0,0.2476,-0.649,0.7193,0.8961,0.4357,0.0847
D20160415000600,304,19.4,78.0,136.0,0.3254,-0.9224,0.2079,0.6303,0.3755,0.6795
D20160415000600,305,23.7,61.0,-177.0,0.3518,-0.8008,0.4848,0.9245,0.3784,-0.0458
D20160415000600,306,20.4,67.0,177.0,0.3208,-0.8628,0.3907,0.9289,0.3671,0.0482
D20160415000600,307,20.2,81.0,180.0,0.3414,-0.9268,0.1564,0.9383,0.3457,0.0
D20160415000600,308,30.9,51.0,-165.0,0.3986,-0.6671,0.6293,0.9127,0.3556,-0.2011
D20160415000600,309,18.4,83.0,161.0,0.3134,-0.9418,0.1219,0.8846,0.3362,0.3231
D20160415000600,310,201.4,76.0,174.0,-0.3541,0.9034,0.2419,-0.9167,-0.3865,0.1014
D20160415000600,311,26.0,76.0,-169.0,0.426,-0.8718,0.2419,0.9022,0.3896,-0.1851
D20160415000600,312,201.5,78.0,171.0,-0.3581,0.9102,0.2079,-0.9072,-0.3919,0.153
D20160415000600,313,28.0,67.0,-176.0,0.4322,-0.8127,0.3907,0.8935,0.4444,-0.0642
D20160415000600,314,21.2,81.0,-146.0,0.3578,-0.9206,0.1564,0.8044,0.2187,-0.5523
D20160415000600,315,24.4,54.0,-178.0,0.3346,-0.7366,0.5878,0.9184,0.3947,-0.0282
D20160415000600,316,19.9,56.0,174.0,0.2826,-0.7794,0.5592,0.915,0.394,0.0867
D20160415000600,317,22.4,74.0,-166.0,0.3658,-0.8889,0.2756,0.9227,0.3076,-0.2326
D20160415000600,318,200.3,86.0,172.0,-0.3462,0.9356,0.0698,-0.9254,-0.3528,0.1388
D20160415000600,319,21.6,84.0,-166.0,0.3664,-0.9246,0.1045,0.9113,0.334,-0.2406
D20160415000600,320,202.8,77.0,177.0,-0.3779,0.8981,0.225,-0.9159,-0.3982,0.051
D20160415000600,321,21.2,82.0,-154.0,0.3587,-0.923,0.1392,0.8599,0.2687,-0.4341
D20160415000600,322,18.2,67.0,166.0,0.2878,-0.8744,0.3907,0.8921,0.3931,0.2227
D20160415000600,323,27.5,53.0,180.0,0.3688,-0.7084,0.6018,0.887,0.4617,0.0
D20160415000600,324,16.8,76.0,164.0,0.2798,-0.9291,0.2419,0.9012,0.3411,0.2674
D20160415000600,325,27.6,66.0,-176.0,0.4237,-0.8094,0.4067,0.897,0.4375,-0.0637
D20160415000600,326,202.5,78.0,178.0,-0.3743,0.9037,0.2079,-0.9205,-0.3892,0.0341
D20160415000600,327,23.8,75.0,-163.0,0.3897,-0.8838,0.2588,0.9056,0.3166,-0.2824
D20160415000600,328,21.6,72.0,171.0,0.3498,-0.8844,0.309,0.9007,0.4082,0.1488
D20160415000600,329,26.1,63.0,-165.0,0.3916,-0.8003,0.454,0.9193,0.319,-0.2306
D20160415000600,330,27.9,69.0,-167.0,0.4362,-0.8254,0.3584,0.8991,0.384,-0.21
D20160415000600,331,29.3,70.0,-150.0,0.4597,-0.8196,0.342,0.839,0.2745,-0.4698
D20160415000600,332,17.8,73.0,162.0,0.2922,-0.9106,0.2924,0.878,0.3766,0.2955
D20160415000600,333,18.2,74.0,140.0,0.3004,-0.9131,0.2756,0.6723,0.4077,0.6179
D20160415000600,334,25.0,70.0,-162.0,0.3976,-0.8514,0.342,0.9065,0.3066,-0.2904
D20160415000600,335,31.1,64.0,-155.0,0.4644,-0.7695,0.4384,0.8717,0.3097,-0.3798
D20160415000600,336,21.6,47.0,176.0,0.2687,-0.6802,0.682,0.9103,0.4108,0.051
D20160415000600,337,27.9,69.0,-157.0,0.4362,-0.8254,0.3584,0.8793,0.3063,-0.3648
D20160415000600,338,21.6,63.0,-173.0,0.3278,-0.8285,0.454,0.9433,0.3138,-0.1086
D20160415000600,339,22.1,80.0,-136.0,0.3698,-0.9127,0.1736,0.712,0.1583,-0.6841
D20160415000600,340,23.1,80.0,-150.0,0.3859,-0.906,0.1736,0.8308,0.2595,-0.4924
D20160415000600,341,22.8,75.0,-150.0,0.3737,-0.8907,0.2588,0.8487,0.2157,-0.483
D20160415000600,342,19.2,82.0,-141.0,0.3259,-0.9351,0.1392,0.7627,0.173,-0.6232
D20160415000600,343,205.3,82.0,-175.0,-0.4229,0.8954,0.1392,-0.906,-0.4145,-0.0863
D20160415000600,344,21.0,88.0,122.0,0.3581,-0.933,0.0349,0.4841,0.2175,0.8475
D20160415000600,345,23.0,73.0,162.0,0.374,-0.8801,0.2924,0.84,0.4551,0.2955
D20160415000600,346,21.0,88.0,-144.0,0.3581,-0.933,0.0349,0.7626,0.2708,-0.5874
D20160415000600,347,22.6,67.0,-177.0,0.3533,-0.85,0.3907,0.93,0.3644,-0.0482
D20160415000600,348,23.0,73.0,167.0,0.374,-0.8801,0.2924,0.871,0.4416,0.2151
D20160415000600,349,23.8,75.0,-143.0,0.3897,-0.8838,0.2588,0.7936,0.1797,-0.5813
D20160415000600,350,19.0,80.0,158.0,0.3209,-0.9311,0.1736,0.8554,0.3636,0.3689
D20160415000600,351,20.1,71.0,-174.0,0.3252,-0.8878,0.3256,0.9455,0.3101,-0.0988
D20160415000600,352,21.5,78.0,155.0,0.3581,-0.9102,0.2079,0.8112,0.4136,0.4134
D20160415000600,353,25.0,90.0,-172.0,-0.4226,0.9063,-0.0,-0.8975,-0.4185,0.1392
D20160415000600,354,19.2,55.0,171.0,0.2697,-0.7735,0.5736,0.9031,0.4099,0.1281
D20160415000600,355,21.0,80.0,164.0,0.3536,-0.9191,0.1736,0.88,0.3898,0.2714
D20160415000600,356,24.3,68.0,-174.0,0.3808,-0.8454,0.3746,0.9228,0.3728,-0.0969
D20160415000600,357,21.9,76.0,-144.0,0.3622,-0.9002,0.2419,0.8036,0.1701,-0.5703
D20160415000600,358,25.9,75.0,-170.0,0.4213,-0.8692,0.2588,0.9058,0.3891,-0.1677
D20160415000600,359,17.8,85.0,-148.0,0.3045,-0.9485,0.0872,0.8216,0.2153,-0.5279
D20160415000600,360,20.4,36.0,176.0,0.2047,-0.551,0.809,0.9155,0.4003,0.041
D20160415000600,361,25.6,64.0,-164.0,0.3877,-0.8109,0.4384,0.9193,0.3057,-0.2477
D20160415000600,362,22.7,79.0,179.0,0.3787,-0.9056,0.1908,0.9212,0.3888,0.0171
D20160415000600,363,23.0,76.0,-154.0,0.3784,-0.8935,0.2419,0.869,0.2528,-0.4253
D20160415000600,364,22.0,87.0,142.0,0.3741,-0.9259,0.0523,0.7186,0.3251,0.6148
D20160415000600,365,18.9,64.0,175.0,0.291,-0.8504,0.4384,0.9302,0.3587,0.0783
D20160415000600,366,22.0,89.0,-176.0,0.3745,-0.927,0.0175,0.9254,0.3726,-0.0697
D20160415000600,367,28.9,62.0,-171.0,0.4263,-0.7732,0.4695,0.9004,0.4125,-0.1381
D20160415000600,368,20.8,85.0,-163.0,0.3539,-0.9312,0.0872,0.903,0.3159,-0.2913
D20160415000600,369,19.2,81.0,-150.0,0.325,-0.9327,0.1564,0.8435,0.2111,-0.4938
D20160415000600,370,22.0,73.0,-162.0,0.3579,-0.8868,0.2924,0.9158,0.2721,-0.2955
D20160415000600,371,22.6,84.0,-161.0,0.3826,-0.918,0.1045,0.8858,0.3323,-0.3238
D20160415000600,372,31.9,37.0,-164.0,0.3183,-0.5107,0.7986,0.9322,0.3217,-0.1659
D20160415000600,373,18.7,56.0,171.0,0.2661,-0.7852,0.5592,0.9073,0.3999,0.1297
D20160415000600,374,21.2,81.0,133.0,0.3578,-0.9206,0.1564,0.5942,0.3537,0.7223
D20160415000600,375,22.2,81.0,-147.0,0.3739,-0.9142,0.1564,0.8085,0.2387,-0.5379
D20160415000600,376,23.7,72.0,171.0,0.382,-0.871,0.309,0.8851,0.441,0.1488
D20160415000600,377,24.4,77.0,-173.0,0.4019,-0.8876,0.225,0.9155,0.3844,-0.1187
D20160415000600,378,25.3,82.0,-168.0,0.4229,-0.8954,0.1392,0.8968,0.3916,-0.2059
D20160415000600,379,201.0,90.0,172.0,0.3584,-0.9336,-0.0,0.9245,0.3549,-0.1392
D20160415000600,380,19.2,81.0,169.0,0.325,-0.9327,0.1564,0.9171,0.3512,0.1885
D20160415000600,381,31.1,64.0,-164.0,0.4644,-0.7695,0.4384,0.8854,0.3932,-0.2477
D20160415000600,382,26.3,82.0,174.0,0.4386,-0.8878,0.1392,0.8852,0.4536,0.1035
D20160415000600,383,18.5,57.0,172.0,0.2658,-0.7954,0.5446,0.9152,0.3857,0.1167
D20160415000600,384,33.6,31.0,-169.0,0.2848,-0.4291,0.8572,0.9084,0.4065,-0.0983
D20160415000600,385,26.5,74.0,176.0,0.4294,-0.86,0.2756,0.8839,0.4628,0.0671
D20160415000600,386,24.3,47.0,177.0,0.3009,-0.6666,0.682,0.8955,0.4434,0.0383
D20160415000600,387,21.1,56.0,167.0,0.299,-0.7732,0.5592,0.8634,0.4687,0.1865
D20160415000600,388,20.0,87.0,-137.0,0.3416,-0.9384,0.0523,0.6995,0.2166,-0.6811
D20160415000600,389,22.4,83.0,145.0,0.3788,-0.9174,0.1219,0.7305,0.3773,0.5693
D20160415000600,390,22.2,82.0,147.0,0.3749,-0.9166,0.1392,0.7475,0.3877,0.5393
D20160415000600,391,20.2,33.0,173.0,0.1881,-0.5111,0.8387,0.8962,0.4387,0.0664
D20160415000600,392,25.4,77.0,-176.0,0.4177,-0.8803,0.225,0.908,0.4135,-0.068
D20160415000600,393,23.8,75.0,-171.0,0.3897,-0.8838,0.2588,0.9201,0.3614,-0.1511
D20160415000600,394,21.9,76.0,168.0,0.3622,-0.9002,0.2419,0.8887,0.4118,0.2017
D20160415000600,395,26.1,70.0,-168.0,0.4133,-0.8439,0.342,0.9097,0.3664,-0.1954
D20160415000600,396,26.5,60.0,-173.0,0.3869,-0.7748,0.5,0.9152,0.389,-0.1055
D20160415000600,397,24.0,70.0,-155.0,0.3817,-0.8587,0.342,0.8869,0.236,-0.3971
D20160415000600,398,18.6,79.0,159.0,0.3133,-0.9303,0.1908,0.8629,0.3628,0.3518
D20160415000600,399,19.0,80.0,-144.0,0.3209,-0.9311,0.1736,0.7981,0.1671,-0.5789
D20160415000600,400,22.2,81.0,-178.0,0.3739,-0.9142,0.1564,0.9271,0.3733,-0.0345
D20160415000600,401,20.9,76.0,-161.0,0.346,-0.9065,0.2419,0.9115,0.2635,-0.3159
D20160415000600,402,206.0,65.0,-179.0,-0.3966,0.8149,0.4226,-0.9023,-0.4309,-0.0158
D20160415000600,403,21.6,84.0,139.0,0.3664,-0.9246,0.1045,0.6763,0.3418,0.6525
D20160415000600,404,30.0,69.0,-154.0,0.4668,-0.8085,0.3584,0.8569,0.3133,-0.4093
D20160415000600,405,204.3,81.0,-178.0,-0.406,0.9004,0.1564,-0.9133,-0.4058,-0.0345
D20160415000600,406,27.6,66.0,-164.0,0.4237,-0.8094,0.4067,0.9036,0.3465,-0.2518
D20160415000600,407,21.9,34.0,174.0,0.2089,-0.5187,0.829,0.8901,0.452,0.0585
D20160415000600,408,22.2,50.0,174.0,0.2891,-0.7094,0.6428,0.8956,0.4376,0.0801
D20160415000600,409,24.8,75.0,-173.0,0.4056,-0.8767,0.2588,0.9141,0.3881,-0.1177
D20160415000600,410,21.4,83.0,-161.0,0.3626,-0.9239,0.1219,0.8947,0.3085,-0.3231
D20160415000600,411,15.7,61.0,164.0,0.2369,-0.8419,0.4848,0.8891,0.389,0.2411
D20160415000600,412,31.5,43.0,-168.0,0.356,-0.5817,0.7314,0.9137,0.3808,-0.1418
D20160415000600,413,20.5,46.0,169.0,0.2519,-0.6738,0.6947,0.873,0.468,0.1373
D20160415000600,414,18.7,56.0,-179.0,0.2661,-0.7852,0.5592,0.9501,0.3117,-0.0145
D20160415000600,415,17.2,82.0,140.0,0.2927,-0.946,0.1392,0.7054,0.3119,0.6365
D20160415000600,416,15.6,66.0,165.0,0.2456,-0.8799,0.4067,0.9021,0.361,0.2364
D20160415000600,417,22.7,43.0,178.0,0.263,-0.6292,0.7314,0.9122,0.4089,0.0238
D20160415000600,418,19.2,74.0,149.0,0.3169,-0.9075,0.2756,0.7624,0.4166,0.4951
D20160415000600,419,22.0,73.0,169.0,0.3579,-0.8868,0.2924,0.8894,0.4191,0.1825
D20160415000600,420,24.8,75.0,-153.0,0.4056,-0.8767,0.2588,0.858,0.2675,-0.4385
D20160415000600,421,17.8,73.0,170.0,0.2922,-0.9106,0.2924,0.9222,0.3492,0.1661
D20160415000600,422,19.2,55.0,173.0,0.2697,-0.7735,0.5736,0.9142,0.3928,0.0998
D20160415000600,423,21.5,65.0,178.0,0.3327,-0.843,0.4226,0.9242,0.3805,0.0316
D20160415000600,424,18.8,85.0,-152.0,0.3211,-0.943,0.0872,0.849,0.2458,-0.4677
D20160415000600,425,19.2,81.0,170.0,0.325,-0.9327,0.1564,0.921,0.3497,0.1715
D20160415000600,426,23.3,77.0,-144.0,0.3859,-0.8947,0.225,0.7952,0.199,-0.5727
D20160415000600,427,25.1,80.0,-165.0,0.4177,-0.8918,0.1736,0.8938,0.369,-0.2549
D20160415000600,428,30.2,67.0,-167.0,0.4628,-0.7957,0.3907,0.8865,0.4139,-0.2071
D20160415000600,429,23.8,44.0,-175.0,0.2799,-0.6358,0.7193,0.937,0.344,-0.0605
D20160415000600,430,26.0,90.0,170.0,-0.4384,0.8988,-0.0,-0.8851,-0.4317,-0.1736
D20160415000600,431,21.9,76.0,-158.0,0.3622,-0.9002,0.2419,0.894,0.2621,-0.3635
D20160415000600,432,24.2,29.0,177.0,0.1985,-0.4423,0.8746,0.8923,0.4507,0.0254
D20160415000600,433,24.8,85.0,-171.0,0.4182,-0.9042,0.0872,0.9022,0.4022,-0.1558
D20160415000600,434,25.0,39.0,177.0,0.2657,-0.5705,0.7771,0.8881,0.4586,0.0329
D20160415000600,435,18.6,70.0,148.0,0.3003,-0.8904,0.342,0.7456,0.4428,0.498
D20160415000600,436,23.4,74.0,174.0,0.3819,-0.8821,0.2756,0.9012,0.4216,0.1005
D20160415000600,437,22.3,77.0,164.0,0.3699,-0.9014,0.225,0.8658,0.4222,0.2686
D20160415000600,438,24.1,80.0,-164.0,0.4019,-0.8991,0.1736,0.8971,0.3486,-0.2714
D20160415000600,439,19.9,76.0,169.0,0.3296,-0.9126,0.2419,0.9076,0.3768,0.1851
D20160415000600,440,27.7,40.0,-172.0,0.2984,-0.5693,0.766,0.9266,0.3653,-0.0895
D20160415000600,441,24.1,52.0,-175.0,0.3216,-0.7194,0.6157,0.9314,0.3575,-0.0687
D20160415000600,442,24.0,89.0,178.0,0.4067,-0.9134,0.0175,0.9127,0.407,0.0349
D20160415000600,443,23.9,58.0,176.0,0.3436,-0.7753,0.5299,0.897,0.438,0.0592
D20160415000600,444,204.6,69.0,-179.0,-0.3893,0.8486,0.3584,-0.9114,-0.4112,-0.0163
D20160415000600,445,24.5,78.0,-177.0,0.4063,-0.8898,0.2079,0.9129,0.4049,-0.0512
D20160415000600,446,22.5,78.0,-158.0,0.3743,-0.9037,0.2079,0.8864,0.2829,-0.3664
D20160415000600,447,27.9,52.0,177.0,0.3686,-0.6965,0.6157,0.8676,0.4956,0.0412
D20160415000600,448,26.0,76.0,-147.0,0.426,-0.8718,0.2419,0.8114,0.2499,-0.5285
D20160415000600,449,200.0,89.0,168.0,-0.342,0.9395,0.0175,-0.9179,-0.338,0.2079
D20160415000600,450,19.3,69.0,162.0,0.3083,-0.8812,0.3584,0.8611,0.4186,0.2885
D20160415000600,451,19.8,85.0,-141.0,0.3375,-0.9373,0.0872,0.7498,0.2117,-0.6269
D20160415000600,452,25.0,89.0,-169.0,0.4226,-0.9062,0.0175,0.8911,0.4118,-0.1908
D20160415000600,453,26.1,63.0,-169.0,0.3916,-0.8003,0.454,0.9198,0.3537,-0.17
D20160415000600,454,19.3,63.0,-178.0,0.2952,-0.8407,0.454,0.9482,0.3161,-0.0311
D20160415000600,455,18.4,72.0,155.0,0.3005,-0.9023,0.309,0.8186,0.4103,0.4019
D20160415000600,456,21.6,84.0,-162.0,0.3664,-0.9246,0.1045,0.896,0.3204,-0.3073
D20160415000600,457,207.0,87.0,180.0,-0.4534,0.8898,0.0523,-0.891,-0.454,0.0
D20160415000600,458,26.6,62.0,-172.0,0.3954,-0.7895,0.4695,0.9147,0.385,-0.1229
D20160415000600,459,18.4,83.0,-146.0,0.3134,-0.9418,0.1219,0.8082,0.1971,-0.555
D20160415000600,460,19.2,81.0,-174.0,0.325,-0.9327,0.1564,0.9445,0.3118,-0.1032
D20160415000600,461,19.9,73.0,154.0,0.3253,-0.8993,0.2924,0.8016,0.4262,0.4192
D20160415000600,462,206.7,64.0,-176.0,-0.4034,0.8032,0.4384,-0.9052,-0.4204,-0.0627
D20160415000600,463,20.0,80.0,165.0,0.3373,-0.9253,0.1736,0.8921,0.373,0.2549
D20160415000600,464,29.6,51.0,-163.0,0.3835,-0.6759,0.6293,0.9225,0.3119,-0.2272
D20160415000600,465,19.6,60.0,171.0,0.2907,-0.8158,0.5,0.9041,0.4052,0.1355
D20160415000600,466,24.4,51.0,179.0,0.3214,-0.7076,0.6293,0.9058,0.4235,0.0136
D20160415000600,467,23.0,76.0,-171.0,0.3784,-0.8935,0.2419,0.9243,0.3503,-0.1518
D20160415000600,468,33.5,32.0,-169.0,0.2921,-0.4421,0.848,0.9082,0.4062,-0.1011
D20160415000600,469,24.4,57.0,-175.0,0.347,-0.7635,0.5446,0.9266,0.3689,-0.0731
D20160415000600,470,20.5,78.0,-162.0,0.3418,-0.9165,0.2079,0.9135,0.2722,-0.3023
D20160415000600,471,22.6,72.0,-149.0,0.366,-0.8778,0.309,0.8524,0.1829,-0.4898
D20160415000600,472,28.4,47.0,-179.0,0.3479,-0.6433,0.682,0.8852,0.4651,-0.0128
D20160415000600,473,17.2,81.0,-152.0,0.2919,-0.9436,0.1564,0.8652,0.1908,-0.4637
D20160415000600,474,17.6,70.0,154.0,0.2837,-0.8958,0.342,0.8116,0.4143,0.4119
D20160415000600,475,18.8,85.0,155.0,0.3211,-0.943,0.0872,0.8461,0.327,0.421
D20160415000600,476,25.4,52.0,-178.0,0.3374,-0.7121,0.6157,0.9123,0.4085,-0.0275
D20160415000600,477,26.6,39.0,-171.0,0.2814,-0.5629,0.7771,0.9378,0.333,-0.0984
D20160415000600,478,25.7,47.0,-174.0,0.3168,-0.6592,0.682,0.9273,0.3665,-0.0764
D20160415000600,479,26.5,74.0,-155.0,0.4294,-0.86,0.2756,0.8629,0.3006,-0.4062
D20160415000600,480,19.4,83.0,126.0,0.3299,-0.9361,0.1219,0.5216,0.2883,0.803
D20160415000600,481,19.0,88.0,-161.0,0.3254,-0.9449,0.0349,0.8977,0.2971,-0.3254
D20160415000600,482,17.1,63.0,166.0,0.262,-0.8516,0.454,0.8951,0.3903,0.2156
D20160415000600,483,21.4,69.0,-179.0,0.3411,-0.869,0.3584,0.933,0.3595,-0.0163
D20160415000600,484,19.4,83.0,132.0,0.3299,-0.9361,0.1219,0.601,0.3078,0.7376
D20160415000600,485,17.6,75.0,171.0,0.2918,-0.9208,0.2588,0.9293,0.337,0.1511
D20160415000600,486,23.3,82.0,-179.0,0.391,-0.9098,0.1392,0.9196,0.3926,-0.0173
D20160415000600,487,22.1,80.0,-138.0,0.3698,-0.9127,0.1736,0.7324,0.1714,-0.659
D20160415000600,488,25.1,80.0,-175.0,0.4177,-0.8918,0.1736,0.9086,0.4089,-0.0858
D20160415000600,489,17.4,83.0,-143.0,0.2967,-0.9472,0.1219,0.784,0.1688,-0.5973
D20160415000600,490,29.2,40.0,-170.0,0.3138,-0.561,0.766,0.9244,0.3647,-0.1116
D20160415000600,491,27.1,61.0,-172.0,0.399,-0.7783,0.4848,0.912,0.3917,-0.1217
D20160415000600,492,18.0,61.0,167.0,0.2703,-0.8318,0.4848,0.893,0.4048,0.1967
D20160415000600,493,18.2,77.0,138.0,0.3044,-0.9256,0.225,0.6589,0.3752,0.652
D20160415000600,494,204.6,80.0,180.0,-0.4098,0.8955,0.1736,-0.9093,-0.4161,0.0
D20160415000600,495,25.6,78.0,-179.0,0.4222,-0.8824,0.2079,0.9035,0.4282,-0.0171
D20160415000600,496,28.9,69.0,-170.0,0.4516,-0.8171,0.3584,0.892,0.4219,-0.1621
D20160415000600,497,21.4,61.0,178.0,0.3195,-0.8142,0.4848,0.9241,0.3809,0.0305
D20160415000600,498,205.5,62.0,-179.0,-0.3797,0.7971,0.4695,-0.9062,-0.4226,-0.0154
D20160415000600,499,206.6,80.0,-173.0,-0.4413,0.8804,0.1736,-0.8968,-0.4258,-0.12
